time	temperature
02:18	32
02:18	32
02:19	32
02:19	32
02:19	32
02:19	32
02:19	32
02:20	32
02:20	32
02:20	32
02:20	32
02:20	32
02:21	32
02:21	32
02:21	32
02:21	32
02:21	32
02:22	32
02:22	32
02:22	32
02:22	32
02:22	32
02:23	32
02:23	32
02:23	33
02:23	32
02:23	32
02:24	33
02:24	33
02:24	32
02:24	32
02:24	32
02:25	32
02:25	32
02:25	32
02:25	32
02:25	32
02:26	32
02:26	32
02:26	32
02:26	32
02:26	32
02:26	32
02:27	32
02:27	32
02:27	32
02:27	32
02:27	32
02:28	32
02:28	32
02:28	32
02:28	32
02:28	32
02:29	32
02:29	32
02:29	32
02:29	32
02:29	32
02:30	32
02:30	32
02:30	32
02:30	32
02:30	32
02:31	32
02:31	32
02:31	32
02:31	32
02:31	32
02:32	32
02:32	32
02:32	32
02:32	32
02:32	32
02:33	32
02:33	32
02:33	32
02:33	32
02:33	32
02:34	32
02:34	32
02:34	32
02:34	32
02:34	32
02:34	32
02:35	32
02:35	32
02:35	32
02:35	32
02:35	32
02:36	32
02:36	32
02:36	32
02:36	32
02:36	32
02:37	32
02:37	32
02:37	32
02:37	32
02:37	32
02:38	32
02:38	32
02:38	32
02:38	32
02:38	32
02:39	32
02:39	32
02:39	32
02:39	32
02:39	32
02:40	32
02:40	32
02:40	32
02:40	32
02:40	32
02:41	32
02:41	32
02:41	32
02:41	32
02:41	32
02:42	32
02:42	32
02:42	32
02:42	32
02:42	32
02:43	32
02:43	32
02:43	32
02:43	32
02:43	32
02:43	32
02:44	32
02:44	32
02:44	32
02:44	32
02:44	32
02:45	32
02:45	32
02:45	32
02:45	32
02:45	32
02:46	32
02:46	32
02:46	32
02:46	32
02:46	32
02:47	32
02:47	32
02:47	32
02:47	32
02:47	32
02:48	32
02:48	32
02:48	32
02:48	32
02:48	32
02:49	32
02:49	32
02:49	32
02:49	32
02:49	32
02:50	32
02:50	32
02:50	32
02:50	32
02:50	32
02:51	32
02:51	32
02:51	32
02:51	32
02:51	32
02:51	32
02:52	32
02:52	32
02:52	32
02:52	32
02:52	32
02:53	32
02:53	32
02:53	32
02:53	32
02:53	32
02:54	32
02:54	32
02:54	32
02:54	32
02:54	32
02:55	32
02:55	32
02:55	32
02:55	32
02:55	32
02:56	32
02:56	32
02:56	32
02:56	32
02:56	32
02:57	32
02:57	32
02:57	32
02:57	32
02:57	32
02:58	32
02:58	32
02:58	32
02:58	32
02:58	32
03:00	28
03:00	29
03:01	29
03:01	29
03:01	29
03:01	29
03:01	29
03:02	29
03:02	29
03:02	29
03:02	30
03:02	30
03:03	30
03:03	30
03:03	30
03:03	30
03:03	30
03:04	30
03:04	30
03:04	31
03:04	31
03:04	31
03:05	31
03:05	31
03:05	31
03:05	31
03:05	31
03:06	31
03:06	31
03:06	31
03:06	31
03:06	31
03:07	31
03:07	31
03:07	32
03:07	32
03:07	32
03:08	32
03:08	32
03:08	32
03:08	32
03:08	32
03:08	32
03:09	32
03:09	32
03:09	32
03:09	32
03:09	32
03:10	32
03:10	32
03:10	32
03:10	32
03:10	32
03:11	32
03:11	32
03:11	32
03:11	32
03:11	32
03:12	32
03:12	32
03:12	32
03:12	32
03:12	32
03:13	32
03:13	32
03:13	32
03:13	32
03:13	32
03:14	32
03:14	32
03:14	32
03:14	32
03:14	32
03:15	32
03:15	32
03:15	32
03:15	33
03:15	33
03:16	33
03:16	33
03:16	33
03:16	33
03:16	33
03:16	33
03:17	33
03:17	33
03:17	33
03:17	33
03:17	33
03:18	33
03:18	33
03:18	33
03:18	33
03:18	33
03:19	33
03:19	33
03:19	33
03:19	33
03:19	33
03:20	33
03:20	33
03:20	33
03:20	33
03:20	33
03:21	33
03:21	33
03:21	33
03:21	33
03:21	33
03:22	33
03:22	33
03:22	33
03:22	33
03:22	33
03:23	33
03:23	33
03:23	33
03:23	33
03:23	33
03:24	33
03:24	33
03:24	33
03:24	33
03:24	33
03:25	33
03:25	33
03:25	33
03:25	33
03:25	33
03:25	33
03:26	33
03:26	33
03:26	33
03:26	33
03:26	33
03:27	33
03:27	33
03:27	33
03:27	33
03:27	33
03:28	33
03:28	33
03:28	33
03:28	33
03:28	33
03:29	33
03:29	33
03:29	33
03:29	33
03:29	33
03:30	33
03:30	33
03:30	33
03:30	33
03:30	33
03:31	33
03:31	33
03:31	33
03:31	33
03:31	33
03:32	33
03:32	33
03:32	33
03:55	24
03:55	24
03:55	25
03:56	25
03:56	26
03:56	26
03:56	27
03:56	27
03:57	27
03:57	27
03:57	28
03:57	28
03:57	28
03:58	28
03:58	28
03:58	29
03:58	29
03:58	29
03:59	29
03:59	29
03:59	29
03:59	30
03:59	30
04:00	30
04:00	30
04:00	30
04:00	30
04:00	30
04:01	30
04:01	30
04:01	31
04:01	31
04:01	31
04:01	31
04:02	31
04:02	31
04:02	31
04:02	31
04:02	31
04:03	31
04:03	31
04:03	31
04:03	32
04:03	32
04:04	32
04:04	32
04:04	32
04:04	32
04:04	32
04:05	32
04:05	32
04:05	32
04:05	32
04:05	32
04:06	32
04:06	32
04:06	32
04:06	32
04:06	32
04:07	32
04:07	32
04:07	32
04:07	32
04:07	33
04:08	33
04:08	33
04:08	33
04:08	33
04:08	33
04:09	33
04:09	33
04:09	33
04:09	33
04:09	33
04:09	33
04:10	33
04:10	33
04:10	33
04:10	33
04:10	33
04:11	33
04:11	33
04:11	33
04:11	33
04:11	33
04:12	33
04:12	33
04:12	33
04:12	33
04:12	33
04:13	33
04:13	33
04:13	33
04:13	33
04:13	33
04:14	33
04:14	33
04:14	33
04:14	33
04:14	33
04:15	33
04:15	33
04:15	33
04:15	33
04:15	33
04:16	33
04:16	33
04:16	34
04:16	34
04:16	34
04:17	34
04:17	34
04:17	34
04:17	34
04:17	34
04:18	34
04:18	34
04:18	34
04:18	34
04:18	34
04:18	34
04:19	34
04:19	34
04:19	34
04:19	34
04:19	34
04:20	34
04:20	34
04:20	34
04:20	34
04:20	34
04:21	34
04:21	34
04:21	34
04:21	34
04:21	34
04:22	34
04:22	34
04:22	34
04:22	34
04:22	34
04:23	34
04:23	34
04:23	34
04:23	34
04:23	34
04:24	34
04:24	34
04:24	34
04:24	34
04:24	34
04:25	34
04:25	34
04:25	34
04:25	34
04:25	34
04:26	34
04:26	34
04:26	34
04:26	34
04:26	34
04:26	34
04:27	34
04:27	34
04:27	34
04:27	34
04:27	34
04:28	34
04:28	34
04:28	34
04:28	34
04:28	34
04:29	34
04:29	34
04:29	34
04:29	34
04:29	34
04:30	34
04:30	34
04:30	34
04:30	34
04:30	34
04:31	34
04:31	34
04:31	34
04:31	34
04:31	34
04:32	34
04:32	34
04:32	34
04:32	34
04:32	34
04:33	34
04:33	34
04:33	34
04:33	34
04:33	34
04:34	34
04:34	34
04:34	34
04:34	34
04:34	34
04:34	34
04:35	34
04:35	34
04:35	34
04:35	34
04:35	34
04:36	34
04:36	34
04:36	34
04:36	34
04:36	34
04:37	34
04:37	34
04:37	34
04:37	34
04:37	34
04:38	34
04:38	34
04:38	34
04:38	34
04:38	34
04:39	34
04:39	34
04:39	34
04:39	34
04:39	34
04:40	34
04:40	34
04:40	34
04:40	34
04:40	34
04:41	34
04:41	34
04:41	34
04:41	34
04:41	34
04:42	34
04:42	34
04:42	34
04:42	34
04:42	34
04:43	34
04:43	34
04:43	34
04:43	34
04:43	34
04:43	34
04:44	34
04:44	34
04:44	35
04:44	35
04:44	35
04:45	35
04:45	35
04:45	35
04:45	35
04:45	35
04:46	35
04:46	35
04:46	35
04:46	35
04:46	35
04:47	35
04:47	35
04:47	35
04:47	35
04:47	35
04:48	35
04:48	35
04:48	35
04:48	35
04:48	35
04:49	35
04:49	35
04:49	35
04:49	35
04:49	35
04:50	35
04:50	35
04:50	35
04:50	35
04:50	35
04:51	35
04:51	35
04:51	35
04:51	35
04:51	35
04:51	35
04:52	35
04:52	35
04:52	35
04:52	35
04:52	35
04:53	35
04:53	35
04:53	35
04:53	35
04:53	35
04:54	35
04:54	35
04:54	35
04:54	35
04:54	35
04:55	35
04:55	35
04:55	35
04:55	35
04:55	35
04:56	35
04:56	35
04:56	35
04:56	35
04:56	35
04:57	35
04:57	35
04:57	35
04:57	35
04:57	35
04:58	35
04:58	35
04:58	35
04:58	35
04:58	35
04:59	35
04:59	35
04:59	35
04:59	35
04:59	35
04:59	35
05:00	35
05:00	35
05:00	35
05:00	35
05:00	35
05:01	35
05:01	35
05:01	35
05:01	35
05:01	35
05:02	35
05:02	35
05:02	35
05:02	35
05:02	35
05:03	35
05:03	35
05:03	35
05:03	35
05:03	35
05:04	35
05:04	35
05:04	35
05:04	35
05:04	35
05:05	35
05:05	35
05:05	35
05:05	35
05:05	35
05:06	35
05:06	35
05:06	35
05:06	35
05:06	35
05:07	35
05:07	35
05:07	35
05:07	35
05:07	35
05:08	35
05:08	35
05:08	35
05:08	35
05:08	35
05:08	35
05:09	35
05:09	35
05:09	35
05:09	35
05:09	35
05:10	35
05:10	35
05:10	35
05:10	35
05:10	35
05:11	35
05:11	35
05:11	35
05:11	35
05:11	35
05:12	35
05:12	35
05:12	35
05:12	35
05:12	35
05:13	35
05:13	35
05:13	35
05:13	35
05:13	35
05:14	35
05:14	35
05:14	35
05:14	35
05:14	35
05:15	35
05:15	35
05:15	35
05:15	35
05:15	35
05:16	35
05:16	35
05:16	35
05:16	35
05:16	35
05:16	35
05:17	35
05:17	35
05:17	35
05:17	35
05:17	35
05:18	35
05:18	35
05:18	35
05:18	35
05:18	35
05:19	35
05:19	35
05:19	35
05:19	35
05:20	35
05:20	35
05:20	35
05:20	35
05:20	35
05:21	35
05:21	35
05:21	35
05:21	35
05:21	35
05:22	35
05:22	35
05:22	35
05:22	35
05:22	35
05:23	35
05:23	35
05:23	35
05:23	35
05:23	35
05:24	35
05:24	35
05:24	35
05:24	35
05:24	35
05:24	35
05:25	35
05:25	35
05:25	35
05:25	35
05:25	35
05:26	35
05:26	35
05:26	35
05:26	35
05:26	35
05:27	35
05:27	35
05:27	35
05:27	35
05:27	35
05:28	35
05:28	35
05:28	35
05:28	35
05:28	35
05:29	35
05:29	35
05:29	35
05:29	35
05:29	35
05:30	35
05:30	35
05:30	35
05:30	35
05:30	35
05:31	35
05:31	35
05:31	35
05:32	35
05:32	35
05:32	35
05:32	35
05:32	35
05:33	35
05:33	35
05:33	35
05:33	35
05:33	35
05:33	35
05:34	35
05:34	35
05:34	35
05:34	35
05:34	35
05:35	35
05:35	35
05:35	35
05:35	35
05:35	35
05:36	35
05:36	35
05:36	35
05:36	35
05:36	35
05:37	35
05:37	35
05:37	35
05:37	35
05:38	35
05:38	35
05:38	35
05:38	35
05:38	35
05:39	35
05:39	35
05:39	35
05:39	35
05:39	35
05:40	35
05:40	35
05:40	35
05:40	35
05:40	35
05:41	35
05:41	35
05:41	35
05:41	35
05:41	35
05:42	35
05:42	35
05:42	35
05:42	35
05:42	35
05:43	35
05:43	35
05:43	35
05:43	35
05:43	35
05:44	35
05:44	35
05:44	35
05:44	35
05:44	35
05:45	35
05:45	35
05:45	35
05:45	35
05:45	35
05:46	35
05:46	35
05:46	35
05:46	35
05:47	35
05:47	35
05:47	35
05:47	35
05:47	35
05:48	35
05:48	35
05:48	35
05:48	35
05:48	35
05:49	35
05:49	35
05:49	35
05:49	35
05:49	35
05:49	35
05:50	35
05:50	35
05:50	35
05:50	35
05:50	35
05:51	35
05:51	35
05:51	35
05:51	35
05:52	35
05:52	35
05:52	35
05:52	35
05:52	35
05:53	35
05:53	35
05:53	35
05:53	35
05:53	35
05:54	35
05:54	35
05:54	35
05:54	35
05:54	35
05:55	35
05:55	35
05:55	35
05:55	35
05:55	35
05:56	35
05:56	35
05:56	35
05:56	35
05:56	35
05:57	35
05:57	35
05:57	35
05:57	35
05:57	35
05:58	35
05:58	35
05:58	35
05:58	35
05:58	35
05:58	35
05:59	35
05:59	35
05:59	35
05:59	35
06:00	35
06:00	35
06:00	35
06:00	35
06:00	35
06:01	35
06:01	35
06:01	35
06:01	35
06:02	35
06:02	35
06:02	35
06:02	35
06:02	35
06:03	35
06:03	35
06:03	35
06:03	35
06:03	35
06:04	35
06:04	35
06:04	35
06:04	35
06:04	35
06:05	35
06:05	35
06:05	35
06:05	35
06:05	35
06:06	35
06:06	35
06:06	35
06:06	35
06:06	35
06:06	35
06:07	35
06:07	35
06:07	35
06:07	35
06:07	35
06:08	35
06:08	35
06:08	35
06:08	35
06:08	35
06:09	35
06:09	35
06:09	35
06:09	35
06:10	35
06:10	35
06:10	35
06:10	35
06:11	35
06:11	35
06:11	35
06:11	35
06:11	35
06:12	35
06:12	35
06:12	35
06:12	35
06:13	35
06:13	35
06:13	35
06:13	35
06:13	35
06:14	35
06:14	35
06:14	35
06:14	35
06:14	35
06:14	35
06:15	35
06:15	35
06:15	35
06:15	35
06:15	35
06:16	35
06:16	35
06:16	35
06:16	35
06:16	35
06:17	35
06:17	35
06:17	35
06:17	35
06:17	35
06:18	35
06:18	35
06:18	35
06:18	35
06:18	35
06:19	35
06:19	35
06:19	35
06:19	35
06:19	35
06:20	35
06:20	35
06:20	35
06:20	35
06:20	35
06:21	35
06:21	35
06:21	35
06:21	35
06:21	35
06:22	35
06:22	35
06:22	35
06:22	35
06:22	35
06:23	35
06:23	35
06:23	35
06:23	35
06:23	35
06:23	35
06:24	35
06:24	35
06:24	35
06:24	35
06:24	35
06:25	35
06:25	35
06:25	35
06:25	35
06:25	35
06:26	35
06:26	35
06:26	35
06:26	35
06:26	35
06:27	35
06:27	35
06:27	35
06:27	35
06:28	35
06:28	35
06:28	35
06:28	35
06:28	35
06:29	35
06:29	35
06:29	35
06:29	35
06:29	35
06:30	35
06:30	35
06:30	35
06:30	35
06:30	35
06:31	35
06:31	35
06:31	35
06:31	35
06:31	35
06:31	35
06:32	35
06:32	35
06:32	35
06:32	35
06:32	35
06:33	35
06:33	35
06:33	35
06:33	35
06:33	35
06:34	35
06:34	35
06:34	35
06:34	35
06:34	35
06:35	35
06:35	35
06:35	35
06:35	35
06:35	35
06:36	35
06:36	35
06:36	35
06:36	35
06:36	35
06:37	35
06:37	35
06:37	35
06:37	35
06:37	35
06:38	35
06:38	35
06:38	35
06:38	35
06:38	35
06:39	35
06:39	35
06:39	35
06:39	35
06:39	35
06:39	35
06:40	35
06:40	35
06:40	35
06:40	35
06:40	35
06:41	35
06:41	35
06:41	35
06:41	35
06:41	35
06:42	35
06:42	35
06:42	35
06:42	35
06:42	35
06:43	35
06:43	35
06:43	35
06:43	35
06:43	35
06:44	35
06:44	35
06:44	35
06:44	35
06:44	35
06:45	35
06:45	35
06:45	35
06:45	35
06:45	35
06:46	35
06:46	35
06:46	35
06:46	35
06:46	35
06:47	35
06:47	35
06:47	35
06:47	35
06:47	35
06:48	35
06:48	35
06:48	35
06:48	35
06:48	35
06:48	35
06:49	35
06:49	35
06:49	35
06:49	35
06:49	35
06:50	35
06:50	35
06:50	35
06:50	35
06:50	35
06:51	35
06:51	35
06:51	35
06:51	35
06:51	35
06:52	35
06:52	35
06:52	35
06:52	35
06:52	35
06:53	35
06:53	35
06:53	35
06:53	35
06:53	35
06:54	35
06:54	35
06:54	35
06:54	35
06:54	35
06:55	35
06:55	35
06:55	35
06:55	35
06:55	35
06:56	35
06:56	35
06:56	35
06:56	35
06:56	35
06:56	35
06:57	35
06:57	35
06:57	35
06:57	35
06:57	35
06:58	35
06:58	35
06:58	35
06:58	35
06:58	35
06:59	35
06:59	35
06:59	35
06:59	35
06:59	35
07:00	35
07:00	35
07:00	35
07:00	35
07:00	35
07:01	35
07:01	35
07:01	35
07:01	35
07:01	35
07:02	35
07:02	35
07:02	35
07:02	35
07:02	35
07:03	35
07:03	35
07:03	35
07:03	35
07:03	35
07:04	35
07:04	35
07:04	35
07:04	35
07:04	35
07:04	35
07:05	35
07:05	35
07:05	35
07:05	35
07:05	35
07:06	35
07:06	35
07:06	35
07:06	35
07:06	35
07:07	35
07:07	35
07:07	35
07:07	35
07:07	35
07:08	35
07:08	35
07:08	35
07:08	35
07:08	35
07:09	35
07:09	35
07:09	35
07:09	35
07:09	35
07:10	35
07:10	35
07:10	35
07:10	35
07:10	35
07:11	35
07:11	35
07:11	35
07:11	35
07:11	35
07:12	35
07:12	35
07:12	35
07:12	35
07:12	35
07:13	35
07:13	35
07:13	35
07:13	35
07:13	35
07:13	35
07:14	35
07:14	35
07:14	35
07:14	35
07:14	35
07:15	35
07:15	35
07:15	35
07:15	35
07:15	35
07:16	35
07:16	35
07:16	35
07:16	35
07:16	35
07:17	35
07:17	35
07:17	35
07:17	35
07:17	35
07:18	35
07:18	35
07:18	35
07:18	35
07:18	35
07:19	35
07:19	35
07:19	35
07:19	35
07:19	35
07:20	35
07:20	35
07:20	35
07:20	35
07:20	35
07:21	35
07:21	35
07:21	35
07:21	35
07:21	35
07:21	35
07:22	35
07:22	35
07:22	35
07:22	35
07:22	35
07:23	35
07:23	35
07:23	35
07:23	35
07:23	35
07:24	35
07:24	35
07:24	35
07:24	35
07:24	35
07:25	35
07:25	35
07:25	35
07:25	35
07:25	35
07:26	35
07:26	35
07:26	35
07:26	35
07:26	35
07:27	35
07:27	35
07:27	35
07:27	35
07:27	35
07:28	35
07:28	35
07:28	35
07:28	35
07:28	35
07:29	35
07:29	35
07:29	35
07:29	35
07:29	35
07:29	35
07:30	35
07:30	35
07:30	35
07:30	35
07:30	35
07:31	35
07:31	35
07:31	35
07:31	35
07:31	35
07:32	35
07:32	35
07:32	35
07:32	35
07:32	35
07:33	35
07:33	35
07:33	35
07:33	35
07:34	35
07:34	35
07:34	35
07:34	35
07:34	35
07:35	35
07:35	35
07:35	35
07:35	35
07:35	35
07:36	35
07:36	35
07:36	35
07:36	35
07:36	35
07:37	35
07:37	35
07:37	35
07:37	35
07:37	35
07:38	35
07:38	35
07:38	35
07:38	35
07:38	35
07:38	35
07:39	35
07:39	35
07:39	35
07:39	35
07:39	35
07:40	35
07:40	35
07:40	35
07:40	35
07:40	35
07:41	35
07:41	35
07:41	35
07:41	35
07:41	35
07:42	35
07:42	35
07:42	35
07:42	35
07:42	35
07:43	35
07:43	35
07:43	35
07:43	35
07:43	35
07:44	35
07:44	35
07:44	35
07:44	35
07:44	35
07:45	35
07:45	35
07:45	35
07:45	35
07:45	35
07:46	35
07:46	35
07:46	35
07:46	35
07:46	35
07:46	35
07:47	35
07:47	35
07:47	35
07:47	35
07:47	35
07:48	35
07:48	35
07:48	35
07:48	35
07:48	35
07:49	35
07:49	35
07:49	35
07:49	35
07:49	35
07:50	35
07:50	35
07:50	35
07:50	35
07:50	35
07:51	35
07:51	35
07:51	35
07:51	35
07:51	35
07:52	35
07:52	35
07:52	35
07:52	35
07:52	35
07:53	35
07:53	35
07:53	35
07:53	35
07:53	35
07:54	35
07:54	35
07:54	35
07:54	35
07:54	35
07:54	35
07:55	35
07:55	35
07:55	35
07:55	35
07:55	35
07:56	35
07:56	35
07:56	35
07:56	35
07:56	35
07:57	35
07:57	35
07:57	35
07:57	35
07:57	35
07:58	35
07:58	35
07:58	35
07:58	35
07:58	35
07:59	35
07:59	35
07:59	35
07:59	35
07:59	35
08:00	35
08:00	35
08:00	35
08:00	35
08:00	35
08:01	35
08:01	35
08:01	35
08:01	35
08:01	35
08:02	35
08:02	35
08:02	35
08:02	35
08:02	35
08:03	35
08:03	35
08:03	35
08:03	35
08:03	35
08:03	35
08:04	35
08:04	35
08:04	35
08:04	35
08:05	35
08:05	35
08:05	35
08:05	35
08:05	35
08:06	35
08:06	35
08:06	35
08:06	35
08:06	35
08:07	35
08:07	35
08:07	35
08:07	35
08:07	35
08:08	35
08:08	35
08:08	35
08:08	35
08:08	35
08:09	35
08:09	35
08:09	35
08:09	35
08:09	35
08:10	35
08:10	35
08:10	35
08:10	35
08:10	35
08:11	35
08:11	35
08:11	35
08:11	35
08:11	35
08:11	35
08:12	35
08:12	35
08:12	35
08:12	35
08:12	35
08:13	35
08:13	35
08:13	35
08:13	35
08:13	35
08:14	35
08:14	35
08:14	35
08:14	35
08:14	35
08:15	35
08:15	35
08:15	35
08:15	35
08:15	35
08:16	35
08:16	35
08:16	35
08:16	35
08:16	35
08:17	35
08:17	35
08:17	35
08:17	35
08:17	35
08:18	35
08:18	35
08:18	35
08:18	35
08:18	35
08:19	35
08:19	35
08:19	35
08:19	35
08:19	35
08:19	35
08:20	35
08:20	35
08:20	35
08:20	35
08:20	35
08:21	35
08:21	35
08:21	35
08:21	35
08:21	35
08:22	35
08:22	35
08:22	35
08:22	35
08:22	35
08:23	35
08:23	35
08:23	35
08:23	35
08:23	35
08:24	35
08:24	35
08:24	35
08:24	35
08:24	35
08:25	35
08:25	35
08:25	35
08:25	35
08:25	35
08:26	35
08:26	35
08:26	35
08:26	35
08:26	35
08:27	35
08:27	35
08:27	35
08:27	35
08:27	35
08:28	35
08:28	35
08:28	35
08:28	35
08:28	35
08:28	35
08:29	35
08:29	35
08:29	35
08:29	35
08:29	35
08:30	35
08:30	35
08:30	35
08:30	35
08:30	35
08:31	35
08:31	35
08:31	35
08:31	35
08:31	35
08:32	35
08:32	35
08:32	35
08:32	35
08:32	35
08:33	35
08:33	35
08:33	35
08:33	35
08:33	35
08:34	35
08:34	35
08:34	35
08:34	35
08:34	35
08:35	35
08:35	35
08:35	35
08:35	35
08:36	35
08:36	35
08:36	35
08:36	35
08:36	35
08:36	35
08:37	35
08:37	35
08:37	35
08:37	35
08:37	35
08:38	35
08:38	35
08:38	35
08:38	35
08:38	35
08:39	35
08:39	35
08:39	35
08:39	35
08:39	35
08:40	35
08:40	35
08:40	35
08:40	35
08:40	35
08:41	35
08:41	35
08:41	35
08:41	35
08:41	35
08:42	35
08:42	35
08:42	35
08:42	35
08:42	35
08:43	35
08:43	35
08:43	35
08:43	35
08:43	35
08:44	35
08:44	35
08:44	35
08:44	35
08:44	35
08:44	35
08:45	35
08:45	35
08:45	35
08:45	35
08:45	35
08:46	35
08:46	35
08:46	35
08:46	35
08:46	35
08:47	35
08:47	35
08:47	35
08:47	35
08:47	35
08:48	35
08:48	35
08:48	35
08:48	35
08:48	35
08:49	35
08:49	35
08:49	35
08:49	35
08:49	35
08:50	35
08:50	35
08:50	35
08:50	35
08:50	35
08:51	35
08:51	35
08:51	35
08:51	35
08:51	35
08:52	35
08:52	35
08:52	35
08:52	35
08:52	35
08:53	35
08:53	35
08:53	35
08:53	35
08:53	35
08:53	35
08:54	35
08:54	35
08:54	35
08:54	35
08:54	35
08:55	35
08:55	35
08:55	35
08:55	35
08:55	35
08:56	35
08:56	35
08:56	35
08:56	35
08:56	35
08:57	35
08:57	35
08:57	35
08:57	35
08:58	35
08:58	35
08:58	35
08:58	35
08:58	35
08:59	35
08:59	35
08:59	35
08:59	35
08:59	35
09:00	35
09:00	35
09:00	35
09:00	35
09:00	35
09:01	35
09:01	35
09:01	35
09:01	35
09:01	35
09:01	35
09:02	35
09:02	35
09:02	35
09:02	35
09:02	35
09:03	35
09:03	35
09:03	35
09:03	35
09:03	35
09:04	35
09:04	35
09:04	35
09:04	35
09:04	35
09:05	35
09:05	35
09:05	35
09:05	35
09:05	35
09:06	35
09:06	35
09:06	35
09:06	35
09:06	35
09:07	35
09:07	35
09:07	35
09:07	35
09:07	35
09:08	35
09:08	35
09:08	35
09:08	35
09:08	35
09:09	35
09:09	35
09:09	35
09:09	35
09:09	35
09:09	35
09:10	35
09:10	35
09:10	35
09:10	35
09:10	35
09:11	35
09:11	35
09:11	35
09:11	35
09:12	35
09:12	35
09:12	35
09:12	35
09:12	35
09:13	35
09:13	35
09:13	35
09:13	35
09:13	35
09:14	35
09:14	35
09:14	35
09:14	35
09:14	35
09:15	35
09:15	35
09:15	36
09:15	35
09:15	35
09:16	35
09:16	35
09:16	36
09:16	35
09:16	35
09:17	35
09:17	36
09:17	35
09:17	35
09:17	35
09:18	35
09:18	35
09:18	36
09:18	36
09:18	35
09:18	35
09:19	36
09:19	36
09:19	35
09:19	36
09:19	36
09:20	35
09:20	35
09:20	36
09:20	35
09:20	36
09:21	35
09:21	35
09:21	36
09:21	36
09:21	36
09:22	36
09:22	35
09:22	35
09:22	36
09:22	36
09:23	36
09:23	36
09:23	36
09:23	36
09:23	36
09:24	36
09:24	36
09:24	36
09:24	36
09:24	36
09:25	36
09:25	36
09:25	36
09:25	36
09:25	36
09:26	36
09:26	36
09:26	36
09:26	36
09:26	36
09:26	36
09:27	36
09:27	36
09:27	36
09:27	36
09:27	36
09:28	36
09:28	36
09:28	36
09:28	36
09:28	36
09:29	36
09:29	36
09:29	36
09:29	36
09:29	36
09:30	36
09:30	36
09:30	36
09:30	36
09:30	36
09:31	36
09:31	36
09:31	36
09:31	36
09:31	36
09:32	36
09:32	36
09:32	36
09:32	36
09:32	36
09:33	36
09:33	36
09:33	36
09:33	36
09:33	36
09:34	36
09:34	36
09:34	36
09:34	36
09:34	36
09:34	36
09:35	36
09:35	36
09:35	36
09:35	36
09:35	36
09:36	36
09:36	36
09:36	36
09:36	36
09:36	36
09:37	36
09:37	36
09:37	36
09:37	36
09:37	36
09:38	36
09:38	36
09:38	36
09:38	36
09:39	36
09:39	36
09:39	36
09:39	36
09:39	36
09:40	36
09:40	36
09:40	36
09:40	36
09:40	36
09:41	36
09:41	36
09:41	36
09:41	36
09:41	36
09:42	36
09:42	36
09:42	36
09:42	36
09:42	36
09:43	36
09:43	36
09:43	36
09:43	36
09:43	36
09:43	36
09:44	36
09:44	36
09:44	36
09:44	36
09:44	36
09:45	36
09:45	36
09:45	36
09:45	36
09:45	36
09:46	36
09:46	36
09:46	36
09:46	36
09:46	36
09:47	36
09:47	36
09:47	36
09:47	36
09:47	36
09:48	36
09:48	36
09:48	36
09:48	36
09:48	36
09:49	36
09:49	36
09:49	36
09:49	36
09:49	36
09:50	36
09:50	36
09:50	36
09:50	36
09:50	36
09:51	36
09:51	36
09:51	36
09:51	36
09:51	36
09:52	36
09:52	36
09:52	36
09:52	36
09:52	36
09:53	36
09:53	36
09:53	36
09:53	36
09:53	36
09:54	36
09:54	36
09:54	36
09:54	36
09:54	36
09:55	36
09:55	36
09:55	36
09:55	36
09:55	36
09:56	36
09:56	36
09:56	36
09:56	36
09:56	36
09:57	36
09:57	36
09:57	36
09:57	36
09:57	36
09:58	36
09:58	36
09:58	36
09:58	36
09:58	36
09:59	36
09:59	36
09:59	36
09:59	36
09:59	36
09:59	36
10:00	36
10:00	36
10:00	36
10:00	36
10:00	36
10:01	36
10:01	36
10:01	36
10:01	36
10:01	36
10:02	36
10:02	36
10:02	36
10:02	36
10:02	36
10:03	36
10:03	36
10:03	36
10:03	36
10:03	36
10:04	36
10:04	36
10:04	36
10:04	36
10:04	36
10:05	36
10:05	36
10:05	36
10:05	36
10:05	36
10:06	36
10:06	36
10:06	36
10:06	36
10:06	36
10:07	36
10:07	36
10:07	36
10:07	36
10:07	36
10:08	36
10:08	36
10:08	36
10:08	36
10:08	36
10:08	36
10:09	36
10:09	36
10:09	36
10:09	36
10:09	36
10:10	36
10:10	36
10:10	36
10:10	36
10:10	36
10:11	36
10:11	36
10:11	36
10:11	36
10:11	36
10:12	36
10:12	36
10:12	36
10:12	36
10:12	36
10:13	36
10:13	36
10:13	36
10:13	36
10:13	36
10:14	36
10:14	36
10:14	36
10:14	36
10:14	36
10:15	36
10:15	36
10:15	36
10:15	36
10:15	36
10:16	36
10:16	36
10:16	36
10:16	36
10:16	36
10:16	36
10:17	36
10:17	36
10:17	36
10:17	36
10:17	36
10:18	36
10:18	36
10:18	36
10:18	36
10:18	36
10:19	36
10:19	36
10:19	36
10:19	36
10:20	36
10:20	36
10:20	36
10:20	36
10:20	36
10:21	36
10:21	36
10:21	36
10:21	36
10:22	36
10:22	36
10:22	36
10:22	36
10:22	36
10:23	36
10:23	36
10:23	36
10:23	36
10:23	36
10:24	36
10:24	36
10:24	36
10:24	36
10:24	36
10:24	36
10:25	36
10:25	36
10:25	36
10:25	36
10:25	36
10:26	36
10:26	36
10:26	36
10:26	36
10:26	36
10:27	36
10:27	36
10:27	36
10:27	36
10:28	36
10:28	36
10:28	36
10:28	36
10:28	36
10:29	36
10:29	36
10:29	36
10:29	36
10:29	36
10:30	36
10:30	36
10:30	36
10:30	36
10:30	36
10:31	36
10:31	36
10:31	36
10:31	36
10:31	36
10:32	36
10:32	36
10:32	36
10:32	36
10:32	36
10:33	36
10:33	36
10:33	36
10:33	36
10:33	36
10:33	36
10:34	36
10:34	36
10:34	36
10:34	36
10:34	36
10:35	36
10:35	36
10:35	36
10:35	36
10:35	36
10:36	36
10:36	36
10:36	36
10:36	36
10:36	36
10:37	36
10:37	36
10:37	36
10:37	36
10:37	36
10:38	36
10:38	36
10:38	36
10:38	36
10:38	36
10:39	36
10:39	36
10:39	36
10:39	36
10:39	36
10:40	36
10:40	36
10:40	36
10:40	36
10:40	36
10:41	36
10:41	36
10:41	36
10:41	36
10:41	36
10:41	36
10:42	36
10:42	36
10:42	36
10:42	36
10:42	36
10:43	36
10:43	36
10:43	36
10:43	36
10:43	36
10:44	36
10:44	36
10:44	36
10:44	36
10:44	36
10:45	36
10:45	36
10:45	36
10:45	36
10:45	36
10:46	36
10:46	36
10:46	36
10:46	36
10:46	36
10:47	36
10:47	36
10:47	36
10:47	36
10:47	36
10:48	36
10:48	36
10:48	36
10:48	36
10:48	36
10:49	36
10:49	36
10:49	36
10:49	36
10:49	36
10:49	36
10:50	36
10:50	36
10:50	36
10:50	36
10:50	36
10:51	36
10:51	36
10:51	36
10:51	36
10:51	36
10:52	36
10:52	36
10:52	36
10:52	36
10:52	36
10:53	36
10:53	36
10:53	36
10:53	36
10:53	36
10:54	36
10:54	36
10:54	36
10:54	36
10:54	36
10:55	36
10:55	36
10:55	36
10:55	36
10:55	36
10:56	36
10:56	36
10:56	36
10:56	36
10:56	36
10:57	36
10:57	36
10:57	36
10:57	36
10:57	36
10:58	36
10:58	36
10:58	36
10:58	36
10:58	36
10:58	36
10:59	36
10:59	36
10:59	36
10:59	36
10:59	36
11:00	36
11:00	36
11:00	36
11:00	36
11:00	36
11:01	36
11:01	36
11:01	36
11:01	36
11:01	36
11:02	36
11:02	36
11:02	36
11:02	36
11:02	36
11:03	36
11:03	36
11:03	36
11:03	36
11:03	36
11:04	36
11:04	36
11:04	36
11:04	36
11:04	36
11:05	36
11:05	36
11:05	36
11:05	36
11:05	36
11:06	36
11:06	36
11:06	36
11:06	36
11:06	36
11:06	36
11:07	36
11:07	36
11:07	36
11:07	36
11:07	36
11:08	36
11:08	36
11:08	36
11:08	36
11:08	36
11:09	36
11:09	36
11:09	36
11:09	36
11:09	36
11:10	36
11:10	36
11:10	36
11:10	36
11:10	36
11:11	36
11:11	36
11:11	36
11:11	36
11:11	36
11:12	36
11:12	36
11:12	36
11:12	36
11:12	36
11:13	36
11:13	36
11:13	36
11:13	36
11:13	36
11:14	36
11:14	36
11:14	36
11:14	36
11:14	36
11:14	36
11:15	36
11:15	36
11:15	36
11:15	36
11:15	36
11:16	36
11:16	36
11:16	36
11:16	36
11:16	36
11:17	36
11:17	36
11:17	36
11:17	36
11:17	36
11:18	36
11:18	36
11:18	36
11:18	36
11:18	36
11:19	36
11:19	36
11:19	36
11:19	36
11:19	36
11:20	36
11:20	36
11:20	36
11:20	36
11:20	36
11:21	36
11:21	36
11:21	36
11:21	36
11:21	36
11:22	36
11:22	36
11:22	36
11:22	36
11:22	36
11:23	36
11:23	36
11:23	36
11:23	36
11:23	36
11:23	36
11:24	36
11:24	36
11:24	36
11:24	36
11:24	36
11:25	36
11:25	36
11:25	36
11:25	36
11:25	36
11:26	36
11:26	36
11:26	36
11:26	36
11:26	36
11:27	36
11:27	36
11:27	36
11:27	36
11:27	36
11:28	36
11:28	36
11:28	36
11:28	36
11:28	36
11:29	36
11:29	36
11:29	36
11:29	36
11:29	36
11:30	36
11:30	36
11:30	36
11:30	36
11:30	36
11:31	36
11:31	36
11:31	36
11:31	36
11:31	36
11:32	36
11:32	36
11:32	36
11:32	36
11:32	36
11:33	36
11:33	36
11:33	36
11:33	36
11:33	36
11:34	36
11:34	36
11:34	36
11:34	36
11:34	36
11:35	36
11:35	36
11:35	36
11:35	36
11:35	36
11:36	36
11:36	36
11:36	36
11:36	36
11:36	36
11:37	36
11:37	36
11:37	36
11:37	36
11:37	36
11:38	36
11:38	36
11:38	36
11:38	36
11:38	36
11:39	36
11:39	36
11:39	36
11:39	36
11:39	36
11:39	36
11:40	36
11:40	36
11:40	36
11:40	36
11:40	36
11:41	36
11:41	36
11:41	36
11:41	36
11:41	36
11:42	36
11:42	36
11:42	36
11:42	36
11:42	36
11:43	36
11:43	36
11:43	36
11:43	36
11:43	36
11:44	36
11:44	36
11:44	36
11:44	36
11:44	36
11:45	36
11:45	36
11:45	36
11:45	36
11:45	36
11:46	36
11:46	36
11:46	36
11:46	36
11:46	36
11:47	36
11:47	36
11:47	36
11:47	36
11:47	36
11:48	36
11:48	36
11:48	36
11:48	36
11:48	36
11:48	36
11:49	36
11:49	36
11:49	36
11:49	36
11:49	36
11:50	36
11:50	36
11:50	36
11:50	36
11:50	36
11:51	36
11:51	36
11:51	36
11:51	36
11:51	36
11:52	36
11:52	36
11:52	36
11:52	36
11:52	36
11:53	36
11:53	36
11:53	36
11:53	36
11:53	36
11:54	36
11:54	36
11:54	36
11:54	36
11:54	36
11:55	36
11:55	36
11:55	36
11:55	36
11:55	36
11:56	36
11:56	36
11:56	36
11:56	36
11:56	36
11:56	36
11:57	36
11:57	36
11:57	36
11:57	36
11:57	36
11:58	36
11:58	36
11:58	36
11:58	36
11:58	36
11:59	36
11:59	36
11:59	36
11:59	36
11:59	36
12:00	36
12:00	36
12:00	36
12:00	36
12:00	36
12:01	36
12:01	36
12:01	36
12:01	36
12:01	36
12:02	36
12:02	36
12:02	36
12:02	36
12:02	36
12:03	36
12:03	36
12:03	36
12:03	36
12:03	36
12:04	36
12:04	36
12:04	36
12:04	36
12:04	36
12:04	36
12:05	36
12:05	36
12:05	36
12:05	36
12:05	36
12:06	36
12:06	36
12:06	36
12:06	36
12:06	36
12:07	36
12:07	36
12:07	36
12:07	36
12:07	36
12:08	36
12:08	36
12:08	36
12:08	36
12:08	36
12:09	36
12:09	36
12:09	36
12:09	36
12:09	36
12:10	36
12:10	36
12:10	36
12:10	36
12:10	36
12:11	36
12:11	36
12:11	36
12:11	36
12:11	36
12:12	36
12:12	36
12:12	36
12:12	36
12:12	36
12:13	36
12:13	36
12:13	36
12:13	36
12:13	36
12:13	36
12:14	36
12:14	36
12:14	36
12:14	36
12:14	36
12:15	36
12:15	36
12:15	36
12:15	36
12:15	36
12:16	36
12:16	36
12:16	36
12:16	36
12:16	36
12:17	36
12:17	36
12:17	36
12:17	36
12:17	36
12:18	36
12:18	36
12:18	36
12:18	36
12:18	36
12:19	36
12:19	36
12:19	36
12:19	36
12:19	36
12:20	36
12:20	36
12:20	36
12:20	36
12:20	36
12:21	36
12:21	36
12:21	36
12:21	36
12:21	36
12:21	36
12:22	36
12:22	36
12:22	36
12:22	36
12:22	36
12:23	36
12:23	36
12:23	36
12:23	36
12:23	36
12:24	36
12:24	36
12:24	36
12:24	36
12:24	36
12:25	36
12:25	36
12:25	36
12:25	36
12:25	36
12:26	36
12:26	36
12:26	36
12:26	36
12:26	36
12:27	36
12:27	36
12:27	36
12:27	36
12:27	36
12:28	36
12:28	36
12:28	36
12:28	36
12:28	36
12:29	36
12:29	36
12:29	36
12:29	36
12:29	36
12:29	36
12:30	36
12:30	36
12:30	36
12:30	36
12:30	36
12:31	36
12:31	36
12:31	36
12:31	36
12:31	36
12:32	36
12:32	36
12:32	36
12:32	36
12:32	36
12:33	36
12:33	36
12:33	36
12:33	36
12:33	36
12:34	36
12:34	36
12:34	36
12:34	36
12:34	36
12:35	36
12:35	36
12:35	36
12:35	36
12:35	36
12:36	36
12:36	36
12:36	35
12:36	35
12:36	35
12:37	35
12:37	35
12:37	34
12:37	34
12:37	34
12:38	34
12:38	34
12:38	34
12:38	34
12:38	33
12:38	33
12:39	33
12:39	33
12:39	33
12:39	33
12:39	33
12:40	33
12:40	33
12:40	33
12:40	33
12:40	33
12:41	33
12:41	33
12:41	33
12:41	33
12:41	33
12:42	33
12:42	33
12:42	33
12:42	33
12:42	33
12:43	33
12:43	32
12:43	32
12:43	32
12:43	32
12:44	32
12:44	32
12:44	32
12:44	32
12:44	32
12:45	32
12:45	32
12:45	32
12:45	32
12:45	32
12:46	32
12:46	32
12:46	32
12:46	32
12:46	32
12:46	32
12:47	32
12:47	32
12:47	32
12:47	32
12:47	32
12:48	32
12:48	32
12:48	32
12:48	32
12:48	32
12:49	32
12:49	32
12:49	32
12:49	32
12:49	32
12:50	32
12:50	32
12:50	32
12:50	32
12:50	32
12:51	32
12:51	32
12:51	32
12:51	32
12:51	32
12:52	32
12:52	32
12:52	32
12:52	32
12:52	32
12:53	32
12:53	32
12:53	32
12:53	32
12:53	32
12:54	32
12:54	32
12:54	32
12:54	32
12:54	32
12:54	32
12:55	32
12:55	32
12:55	32
12:55	32
12:55	32
12:56	32
12:56	32
12:56	32
12:56	32
12:56	32
12:57	32
12:57	32
12:57	32
12:57	32
12:57	32
12:58	32
12:58	32
12:58	32
12:58	32
12:58	32
12:59	32
12:59	32
12:59	32
12:59	32
12:59	32
13:00	32
13:00	32
13:00	32
13:00	32
13:00	32
13:01	32
13:01	32
13:01	32
13:01	32
13:02	32
13:02	32
13:02	32
13:02	32
13:02	32
13:03	32
13:03	32
13:03	32
13:03	32
13:03	32
13:03	32
13:04	32
13:04	32
13:04	32
13:04	32
13:04	32
13:05	32
13:05	32
13:05	32
13:05	32
13:05	32
13:06	32
13:06	32
13:06	32
13:06	32
13:06	32
13:07	32
13:07	32
13:07	32
13:07	32
13:07	32
13:08	32
13:08	32
13:08	32
13:08	32
13:08	32
13:09	32
13:09	32
13:09	32
13:09	32
13:09	32
13:10	32
13:10	32
13:10	32
13:10	32
13:10	32
13:11	32
13:11	32
13:11	32
13:11	32
13:11	32
13:11	32
13:12	32
13:12	32
13:12	32
13:12	32
13:12	32
13:13	32
13:13	32
13:13	32
13:13	32
13:13	32
13:14	32
13:14	32
13:14	32
13:14	32
13:14	32
13:15	32
13:15	32
13:15	32
13:15	32
13:15	32
13:16	32
13:16	32
13:16	32
13:16	32
13:16	32
13:17	32
13:17	32
13:17	32
13:17	32
13:17	32
13:18	32
13:18	32
13:18	32
13:18	32
13:18	32
13:19	32
13:19	32
13:19	32
13:19	32
13:19	32
13:19	32
13:20	32
13:20	32
13:20	32
13:20	32
13:20	32
13:21	32
13:21	32
13:21	32
13:21	32
13:21	32
13:22	32
13:22	32
13:22	32
13:22	32
13:22	32
13:23	32
13:23	32
13:23	32
13:23	32
13:23	32
13:24	32
13:24	32
13:24	32
13:24	32
13:24	32
13:25	32
13:25	32
13:25	32
13:25	32
13:25	32
13:26	32
13:26	32
13:26	32
13:26	32
13:26	32
13:27	32
13:27	32
13:27	32
13:27	32
13:27	32
13:28	32
13:28	32
13:28	32
13:28	33
13:28	33
13:28	33
13:29	33
13:29	32
13:29	32
13:29	32
13:29	32
13:30	32
13:30	32
13:30	32
13:30	32
13:30	32
13:31	32
13:31	32
13:31	32
13:31	32
13:31	32
13:32	32
13:32	32
13:32	32
13:32	32
13:32	32
13:33	32
13:33	32
13:33	32
13:33	32
13:33	32
13:34	32
13:34	32
13:34	32
13:34	32
13:34	32
13:35	32
13:35	32
13:35	32
13:35	32
13:35	32
13:36	32
13:36	32
13:36	32
13:36	32
13:36	32
13:36	32
13:37	32
13:37	32
13:37	32
13:37	32
13:37	32
13:38	32
13:38	32
13:38	32
13:38	32
13:38	32
13:39	32
13:39	32
13:39	32
13:39	32
13:39	32
13:40	32
13:40	32
13:40	32
13:40	32
13:40	32
13:41	32
13:41	32
13:41	32
13:41	32
13:41	32
13:42	32
13:42	32
13:42	32
13:42	32
13:42	32
13:43	32
13:43	32
13:43	32
13:43	32
13:43	32
13:44	32
13:44	32
13:44	32
13:44	32
13:44	32
13:44	32
13:45	32
13:45	32
13:45	32
13:45	32
13:45	32
13:46	32
13:46	32
13:46	32
13:46	32
13:46	32
13:47	32
13:47	32
13:47	32
13:47	32
13:47	32
13:48	32
13:48	32
13:48	32
13:48	32
13:48	32
13:49	32
13:49	32
13:49	32
13:49	32
13:49	32
13:50	32
13:50	32
13:50	32
13:50	32
13:50	32
13:51	32
13:51	32
13:51	32
13:51	32
13:51	32
13:52	32
13:52	32
13:52	32
13:52	32
13:52	32
13:53	32
13:53	32
13:53	32
13:53	32
13:53	32
13:53	32
13:54	32
13:54	32
13:54	32
13:54	32
13:54	32
13:55	32
13:55	32
13:55	32
13:55	32
13:55	32
13:56	32
13:56	32
13:56	32
13:56	32
13:56	32
13:57	32
13:57	32
13:57	32
13:57	32
13:57	32
13:58	32
13:58	32
13:58	32
13:58	32
13:58	32
13:59	32
13:59	32
13:59	32
13:59	32
13:59	32
14:00	32
14:00	32
14:00	32
14:00	32
14:00	32
14:01	32
14:01	32
14:01	32
14:01	32
14:01	32
14:01	32
14:02	32
14:02	33
14:02	33
14:02	32
14:02	32
14:03	33
14:03	33
14:03	33
14:03	33
14:03	33
14:04	33
14:04	33
14:04	33
14:04	32
14:04	33
14:05	33
14:05	32
14:05	33
14:05	33
14:05	32
14:06	32
14:06	32
14:06	32
14:06	32
14:07	32
14:07	32
14:07	32
14:07	32
14:07	32
14:08	32
14:08	32
14:08	32
14:08	32
14:08	32
14:09	32
14:09	32
14:09	32
14:09	32
14:09	32
14:09	32
14:10	32
14:10	32
14:10	32
14:10	32
14:10	32
14:11	32
14:11	32
14:11	32
14:11	32
14:11	32
14:12	32
14:12	32
14:12	32
14:12	32
14:12	32
14:13	32
14:13	32
14:13	32
14:13	32
14:13	32
14:14	32
14:14	32
14:14	32
14:14	32
14:14	32
14:15	32
14:15	32
14:15	32
14:15	32
14:15	32
14:16	32
14:16	32
14:16	32
14:16	32
14:16	32
14:17	32
14:17	32
14:17	32
14:17	32
14:17	33
14:18	32
14:18	32
14:18	32
14:18	32
14:18	32
14:18	32
14:19	32
14:19	32
14:19	32
14:19	32
14:19	32
14:20	32
14:20	32
14:20	32
14:20	32
14:20	32
14:21	32
14:21	32
14:21	32
14:21	32
14:21	32
14:22	32
14:22	32
14:22	32
14:22	32
14:22	32
14:23	32
14:23	32
14:23	32
14:23	32
14:23	32
14:24	32
14:24	32
14:24	32
14:24	32
14:24	32
14:25	32
14:25	32
14:25	32
14:25	32
14:25	32
14:26	32
14:32	32
14:32	32
14:32	32
14:32	32
14:33	32
14:33	32
14:33	32
14:33	32
14:33	32
14:34	32
14:34	32
14:34	33
14:34	33
14:34	32
14:34	32
14:35	32
14:35	33
14:35	33
14:35	33
14:35	33
14:36	33
14:36	33
14:36	33
14:36	33
14:36	33
14:37	32
14:37	33
14:37	33
14:37	33
14:37	33
14:38	33
14:38	33
14:38	33
14:38	33
14:38	33
14:39	33
14:39	33
14:39	33
14:39	33
14:39	33
14:40	33
14:40	33
14:40	33
14:40	33
14:40	33
14:41	33
14:41	33
14:41	33
14:41	33
14:41	33
14:42	33
14:42	33
14:42	33
14:42	33
14:42	33
14:43	33
14:43	33
14:43	33
14:43	33
14:43	33
14:43	33
14:44	33
14:44	33
14:44	33
14:44	33
14:44	33
14:45	33
14:45	33
14:45	33
14:45	33
14:45	33
14:46	33
14:46	33
14:46	33
14:46	33
14:46	33
14:47	33
14:47	33
14:47	33
14:47	33
14:47	33
14:48	33
14:48	33
14:48	33
14:48	33
14:48	33
14:49	33
14:49	33
14:49	33
14:49	33
14:49	33
14:50	33
14:50	33
14:50	33
14:50	33
14:50	33
14:51	33
14:51	33
14:51	33
14:51	33
14:51	33
14:51	33
14:52	33
14:52	33
14:52	33
14:52	33
14:52	33
14:53	33
14:53	33
14:53	33
14:53	33
14:53	33
14:54	33
14:54	33
14:54	33
14:54	33
14:54	33
14:55	33
14:55	33
14:55	33
14:55	33
14:55	33
14:56	33
14:56	33
14:56	33
14:56	33
14:56	33
14:57	33
14:57	33
14:57	33
14:57	33
14:57	33
14:58	33
14:58	33
14:58	33
14:58	33
14:58	33
14:59	33
14:59	33
14:59	33
14:59	33
14:59	33
14:59	33
15:00	33
15:00	33
15:00	33
15:00	33
15:00	33
15:01	33
15:01	33
15:01	33
15:01	33
15:01	33
15:02	33
15:02	33
15:02	33
15:02	33
15:02	33
15:03	33
15:03	33
15:03	33
15:03	33
15:03	33
15:04	33
15:04	33
15:04	33
15:04	33
15:04	33
15:05	33
15:05	33
15:05	33
15:05	33
15:05	33
15:06	33
15:06	33
15:06	33
15:06	33
15:06	33
15:07	33
15:07	33
15:07	33
15:07	33
15:07	33
15:08	33
15:08	33
15:08	33
15:08	33
15:08	33
15:08	33
15:09	33
15:09	33
15:09	33
15:09	33
15:09	33
15:10	33
15:10	33
15:10	33
15:10	33
15:10	33
15:11	33
15:11	33
15:11	33
15:11	33
15:11	33
15:12	33
15:12	33
15:12	33
15:12	33
15:12	33
15:13	33
15:13	33
15:13	33
15:13	33
15:13	33
15:14	33
15:14	33
15:14	33
15:14	33
15:14	33
15:15	33
15:15	33
15:15	33
15:15	33
15:15	33
15:16	33
15:16	33
15:16	33
15:16	33
15:16	33
15:16	33
15:17	33
15:17	33
15:17	33
15:17	33
15:17	33
15:18	33
15:18	33
15:18	33
15:18	33
15:18	33
15:19	33
15:19	33
15:19	33
15:19	33
15:19	33
15:20	33
15:20	33
15:20	33
15:20	33
15:21	33
15:21	33
15:21	33
15:21	33
15:21	33
15:22	33
15:22	33
15:22	33
15:22	33
15:22	33
15:23	33
15:23	33
15:23	33
15:23	33
15:23	33
15:24	33
15:24	33
15:24	33
15:24	33
15:24	33
15:24	33
15:25	33
15:25	33
15:25	33
15:25	33
15:25	33
15:26	33
15:26	33
15:26	33
15:26	33
15:26	33
15:27	33
15:27	33
15:27	33
15:27	33
15:27	33
15:28	33
15:28	33
15:28	33
15:28	33
15:28	33
15:29	33
15:29	33
15:29	33
15:29	33
15:29	33
15:30	33
15:30	33
15:30	33
15:30	33
15:30	33
15:31	33
15:31	33
15:31	33
15:31	33
15:31	33
15:32	33
15:32	33
15:32	33
15:32	33
15:32	33
15:33	33
15:33	33
15:33	33
15:33	33
15:33	33
15:33	33
15:34	33
15:34	33
15:34	33
15:34	33
15:34	33
15:35	33
15:35	33
15:35	33
15:35	33
15:35	33
15:36	33
15:36	33
15:36	33
15:36	33
15:36	33
15:37	33
15:37	33
15:37	33
15:37	33
15:37	33
15:38	33
15:38	33
15:38	33
15:38	33
15:38	33
15:39	33
15:39	33
15:39	33
15:39	33
15:39	33
15:40	33
15:40	33
15:40	33
15:40	33
15:40	33
15:41	33
15:41	33
15:41	33
15:41	33
15:41	33
15:41	33
15:42	33
15:42	33
15:42	33
15:42	33
15:42	33
15:43	33
15:43	33
15:43	33
15:43	33
15:43	33
15:44	33
15:44	33
15:44	33
15:44	33
15:44	33
15:45	33
15:45	33
15:45	33
15:45	33
15:45	33
15:46	33
15:46	33
15:46	33
15:46	33
15:46	33
15:47	33
15:47	33
15:47	33
15:47	33
15:47	33
15:48	33
15:48	33
15:48	33
15:48	33
15:48	33
15:49	33
15:49	33
15:49	33
15:49	33
15:49	33
15:49	33
15:50	33
15:50	33
15:50	33
15:50	33
15:50	33
15:51	33
15:51	33
15:51	33
15:51	33
15:51	33
15:52	33
15:52	33
15:52	33
15:52	33
15:52	33
15:53	33
15:53	33
15:53	33
15:53	33
15:53	33
15:54	33
15:54	33
15:54	33
15:54	33
15:54	33
15:55	33
15:55	33
15:55	33
15:55	33
15:55	33
15:56	33
15:56	33
15:56	33
15:56	33
15:56	33
15:57	33
15:57	33
15:57	33
15:57	33
15:57	33
15:58	33
15:58	33
15:58	33
15:58	33
15:58	33
15:58	33
15:59	33
15:59	33
15:59	33
15:59	33
15:59	33
16:00	33
16:00	33
16:00	33
16:00	33
16:00	33
16:01	33
16:01	33
16:01	33
16:01	33
16:01	33
16:02	33
16:02	33
16:02	33
16:02	33
16:02	33
16:03	33
16:03	33
16:03	33
16:03	33
16:03	33
16:04	33
16:04	33
16:04	33
16:04	33
16:04	33
16:05	33
16:05	33
16:05	33
16:05	33
16:05	33
16:06	33
16:06	33
16:06	33
16:06	33
16:06	33
16:06	33
16:07	33
16:07	33
16:07	33
16:07	33
16:07	33
16:08	33
16:08	33
16:08	33
16:08	33
16:08	33
16:09	33
16:09	33
16:09	33
16:09	33
16:09	33
16:10	33
16:10	33
16:10	33
16:10	33
16:10	33
16:11	33
16:11	33
16:11	33
16:11	33
16:11	33
16:12	33
16:12	33
16:12	33
16:12	33
16:12	33
16:13	33
16:13	33
16:13	33
16:13	33
16:13	33
16:14	33
16:14	33
16:14	33
16:14	33
16:14	33
16:14	33
16:15	33
16:15	33
16:15	33
16:15	33
16:15	33
16:16	33
16:16	33
16:16	33
16:16	33
16:16	33
16:17	33
16:17	33
16:17	33
16:17	33
16:17	33
16:18	33
16:18	33
16:18	33
16:18	33
16:18	33
16:19	33
16:19	33
16:19	33
16:19	33
16:19	33
16:20	33
16:20	33
16:20	33
16:20	33
16:20	33
16:21	33
16:21	33
16:21	33
16:21	33
16:21	33
16:22	33
16:22	33
16:22	33
16:22	33
16:22	33
16:23	33
16:23	33
16:23	33
16:23	33
16:23	33
16:23	33
16:24	33
16:24	33
16:24	33
16:24	33
16:24	33
16:25	33
16:25	33
16:25	33
16:25	33
16:25	33
16:26	33
16:26	33
16:26	33
16:26	33
16:26	33
16:27	33
16:27	33
16:27	33
16:27	33
16:27	33
16:28	33
16:28	33
16:28	33
16:28	33
16:28	33
16:29	33
16:29	33
16:29	33
16:29	33
16:29	33
16:30	33
16:30	33
16:30	33
16:30	33
16:30	33
16:31	33
16:31	33
16:31	33
16:31	33
16:31	33
16:31	33
16:32	33
16:32	33
16:32	33
16:32	33
16:32	33
16:33	33
16:33	33
16:33	33
16:33	33
16:33	33
16:34	33
16:34	33
16:34	33
16:34	33
16:34	33
16:35	33
16:35	33
16:35	33
16:35	33
16:35	33
16:36	33
16:36	33
16:36	33
16:36	33
16:36	33
16:37	33
16:37	33
16:37	33
16:37	33
16:37	33
16:38	33
16:38	33
16:38	33
16:38	33
16:38	33
16:39	33
16:39	33
16:39	33
16:39	33
16:39	33
16:39	33
16:40	33
16:40	33
16:40	33
16:40	33
16:40	33
16:41	33
16:41	33
16:41	33
16:41	33
16:41	33
16:42	33
16:42	33
16:42	33
16:42	33
16:42	33
16:43	33
16:43	33
16:43	33
16:43	33
16:43	33
16:44	33
16:44	33
16:44	33
16:44	33
16:44	33
16:45	33
16:45	33
16:45	33
16:45	33
16:45	33
16:46	33
16:46	33
16:46	33
16:46	33
16:46	33
16:47	33
16:47	33
16:47	33
16:47	33
16:47	33
16:48	33
16:48	33
16:48	33
16:48	33
16:48	33
16:48	33
16:49	33
16:49	33
16:49	33
16:49	33
16:49	33
16:50	33
16:50	33
16:50	33
16:50	33
16:50	33
16:51	33
16:51	33
16:51	33
16:51	33
16:51	33
16:52	33
16:52	33
16:52	33
16:52	33
16:52	33
16:53	33
16:53	33
16:53	33
16:53	33
16:53	33
16:54	33
16:54	33
16:54	33
16:54	33
16:54	33
16:55	33
16:55	33
16:55	33
16:55	33
16:55	33
16:56	33
16:56	33
16:56	33
16:56	33
16:56	33
16:56	33
16:57	33
16:57	33
16:57	33
16:57	33
16:57	33
16:58	33
16:58	33
16:58	33
16:58	33
16:58	33
16:59	33
16:59	33
16:59	33
16:59	33
16:59	33
17:00	33
17:00	33
17:00	33
17:00	33
17:00	33
17:01	33
17:01	33
17:01	33
17:01	33
17:01	33
17:02	33
17:02	33
17:02	33
17:02	33
17:02	33
17:03	33
17:03	33
17:03	33
17:03	33
17:03	33
17:04	33
17:04	33
17:04	33
17:04	33
17:04	33
17:04	33
17:05	33
17:05	33
17:05	33
17:05	33
17:05	33
17:06	33
17:06	33
17:06	33
17:06	33
17:06	33
17:07	33
17:07	33
17:07	33
17:07	33
17:07	33
17:08	33
17:08	33
17:08	33
17:08	33
17:08	33
17:09	33
17:09	33
17:09	33
17:09	33
17:09	33
17:10	33
17:10	33
17:10	33
17:10	33
17:10	33
17:11	33
17:11	33
17:11	33
17:11	33
17:11	33
17:12	33
17:12	33
17:12	33
17:12	33
17:12	33
17:13	33
17:13	33
17:13	33
17:13	33
17:13	33
17:13	33
17:14	33
17:14	33
17:14	33
17:14	33
17:14	33
17:15	33
17:15	33
17:15	33
17:15	33
17:15	33
17:16	33
17:16	33
17:16	33
17:16	33
17:16	33
17:17	33
17:17	33
17:17	33
17:17	33
17:17	33
17:18	33
17:18	33
17:18	33
17:18	33
17:18	33
17:19	33
17:19	33
17:19	33
17:19	33
17:19	33
17:20	33
17:20	33
17:20	33
17:20	33
17:20	33
17:21	33
17:21	33
17:21	33
17:21	33
17:21	33
17:21	33
17:22	33
17:22	33
17:22	33
17:22	33
17:22	33
17:23	33
17:23	33
17:23	33
17:23	33
17:23	33
17:24	33
17:24	33
17:24	33
17:24	33
17:24	33
17:25	33
17:25	33
17:25	33
17:25	33
17:25	33
17:26	33
17:26	33
17:26	33
17:26	33
17:26	33
17:27	33
17:27	33
17:27	33
17:27	33
17:27	33
17:28	33
17:28	33
17:28	33
17:28	33
17:28	33
17:29	33
17:29	33
17:29	33
17:29	33
17:29	33
17:29	33
17:30	33
17:30	33
17:30	33
17:30	33
17:30	33
17:31	33
17:31	33
17:31	33
17:31	33
17:31	33
17:32	33
17:32	33
17:32	33
17:32	33
17:32	33
17:33	33
17:33	33
17:33	33
17:33	33
17:33	33
17:34	33
17:34	33
17:34	33
17:34	33
17:34	33
17:35	33
17:35	33
17:35	33
17:35	33
17:35	33
17:36	33
17:36	33
17:36	33
17:36	33
17:36	33
17:37	33
17:37	33
17:37	33
17:37	33
17:37	33
17:38	33
17:38	33
17:38	33
17:38	33
17:38	33
17:38	33
17:39	33
17:39	33
17:39	33
17:39	33
17:39	33
17:40	33
17:40	33
17:40	33
17:40	33
17:40	33
17:41	33
17:41	33
17:41	33
17:41	33
17:41	33
17:42	33
17:42	33
17:42	33
17:42	33
17:42	33
17:43	33
17:43	33
17:43	33
17:43	33
17:43	33
17:44	33
17:44	33
17:44	33
17:44	33
17:44	33
17:45	33
17:45	33
17:45	33
17:45	33
17:45	33
17:46	33
17:46	33
17:46	33
17:46	33
17:46	33
17:46	33
17:47	33
17:47	33
17:47	33
17:47	33
17:47	33
17:48	34
17:48	34
17:48	34
17:48	34
17:48	33
17:49	33
17:49	34
17:49	34
17:49	34
17:49	34
17:50	34
17:50	34
17:50	34
17:50	34
17:50	34
17:51	34
17:51	34
17:51	34
17:51	34
17:51	34
17:52	34
17:52	34
17:52	34
17:52	34
17:52	34
17:53	34
17:53	34
17:53	34
17:53	34
17:53	34
17:54	34
17:54	34
17:54	34
17:54	34
17:54	34
17:54	34
17:55	34
17:55	34
17:55	34
17:55	34
17:55	34
17:56	34
17:56	34
17:56	34
17:56	34
17:56	34
17:57	34
17:57	34
17:57	34
17:57	34
17:57	34
17:58	34
17:58	34
17:58	34
17:58	34
17:58	34
17:59	34
17:59	34
17:59	34
17:59	34
17:59	34
18:00	34
18:00	34
18:00	34
18:00	34
18:00	34
18:01	34
18:01	34
18:01	34
18:01	34
18:01	34
18:02	34
18:02	34
18:02	34
18:02	34
18:02	34
18:03	34
18:03	34
18:03	34
18:03	34
18:03	34
18:03	34
18:04	34
18:04	34
18:04	34
18:04	34
18:04	34
18:05	34
18:05	34
18:05	34
18:05	34
18:05	34
18:06	34
18:06	34
18:06	34
18:06	34
18:06	34
18:07	34
18:07	34
18:07	34
18:07	34
18:07	34
18:08	34
18:08	34
18:08	34
18:08	34
18:08	34
18:09	34
18:09	34
18:09	34
18:09	34
18:09	34
18:10	34
18:10	34
18:10	34
18:10	34
18:10	34
18:11	34
18:11	34
18:11	34
18:11	34
18:11	34
18:11	34
18:12	34
18:12	34
18:12	34
18:12	34
18:12	34
18:13	34
18:13	34
18:13	34
18:13	34
18:13	34
18:14	34
18:14	34
18:14	34
18:14	34
18:14	34
18:15	34
18:15	34
18:15	34
18:15	34
18:15	34
18:16	34
18:16	34
18:16	34
18:16	34
18:16	34
18:17	34
18:17	34
18:17	34
18:17	34
18:17	34
18:18	34
18:18	34
18:18	34
18:18	34
18:18	34
18:19	34
18:19	34
18:19	34
18:19	34
18:19	34
18:19	34
18:20	34
18:20	34
18:20	34
18:20	34
18:20	34
18:21	34
18:21	34
18:21	34
18:21	34
18:21	34
18:22	34
18:22	34
18:22	34
18:22	34
18:22	33
18:23	33
18:23	33
18:23	33
18:23	33
18:23	33
18:24	33
18:24	33
18:24	33
18:24	33
18:24	33
18:25	33
18:25	33
18:25	33
18:25	33
18:25	33
18:26	33
18:26	33
18:26	33
18:26	33
18:26	33
18:27	33
18:27	33
18:27	33
18:27	33
18:27	33
18:28	33
18:28	33
18:28	33
18:28	33
18:28	33
18:28	33
18:29	33
18:29	33
18:29	33
18:29	33
18:29	33
18:30	33
18:30	33
18:30	33
18:30	33
18:30	33
18:31	33
18:31	33
18:31	33
18:31	32
18:31	33
18:32	32
18:32	32
18:32	32
18:32	32
18:32	32
18:33	32
18:33	32
18:33	32
18:33	32
18:33	32
18:34	32
18:34	32
18:34	32
18:34	32
18:34	32
18:35	32
18:35	32
18:35	32
18:35	32
18:35	32
18:36	32
18:36	32
18:36	32
18:36	32
18:36	32
18:36	32
18:37	32
18:37	32
18:37	32
18:37	32
18:37	32
18:38	32
18:38	32
18:38	32
18:38	32
18:38	32
18:39	32
18:39	32
18:39	32
18:39	32
18:39	32
18:40	32
18:40	32
18:40	32
18:40	32
18:40	32
18:41	32
18:41	32
18:41	32
18:41	32
18:41	32
18:42	32
18:42	32
18:42	32
18:42	32
18:42	32
18:43	31
18:43	32
18:43	31
18:43	32
18:43	31
18:44	31
18:44	31
18:44	31
18:44	31
18:44	31
18:44	31
18:45	31
18:45	31
18:45	31
18:45	31
18:45	31
18:46	31
18:46	31
18:46	31
18:46	31
18:46	31
18:47	31
18:47	31
18:47	31
18:47	31
18:47	31
18:48	31
18:48	31
18:48	31
18:48	31
18:48	31
18:49	31
18:49	31
18:49	31
18:49	31
18:49	31
18:50	31
18:50	31
18:50	31
18:50	31
18:50	31
18:51	31
18:51	31
18:51	31
18:51	31
18:51	31
18:52	31
18:52	31
18:52	31
18:52	31
18:52	31
18:53	31
18:53	31
18:53	31
18:53	31
18:53	31
18:53	31
18:54	31
18:54	31
18:54	31
18:54	31
18:54	31
18:55	31
18:55	31
18:55	31
18:55	31
18:55	31
18:56	31
18:56	31
18:56	31
18:56	31
18:57	31
18:57	31
18:57	31
18:58	31
18:58	31
18:58	31
18:58	31
18:59	31
18:59	31
18:59	31
18:59	31
18:59	31
19:00	31
19:00	31
19:00	31
19:01	30
19:01	31
19:01	30
19:01	30
19:01	30
19:01	30
19:02	30
19:02	30
19:02	30
19:02	30
19:02	31
19:03	31
19:03	30
19:03	31
19:03	30
19:03	30
19:04	30
19:04	30
19:04	30
19:04	30
19:04	30
19:05	30
19:05	30
19:05	30
19:05	30
19:06	30
19:06	30
19:06	30
19:06	30
19:07	30
19:07	30
19:07	30
19:07	30
19:07	30
19:08	30
19:08	30
19:08	30
19:08	30
19:09	30
19:09	30
19:09	30
19:09	30
19:09	30
19:09	30
19:10	30
19:10	30
19:10	30
19:10	30
19:10	30
19:11	30
19:11	30
19:11	30
19:11	30
19:12	30
19:12	30
19:12	30
19:12	30
19:12	30
19:13	30
19:13	30
19:13	30
19:13	30
19:14	30
19:14	30
19:14	30
19:14	30
19:14	30
19:15	30
19:15	30
19:15	30
19:15	30
19:16	30
19:16	30
19:16	30
19:16	30
19:16	30
19:17	30
19:17	30
19:17	30
19:17	30
19:17	30
19:18	30
19:18	30
19:18	30
19:18	30
19:18	30
19:19	30
19:19	30
19:19	30
19:19	30
19:19	30
19:20	30
19:20	30
19:20	30
19:21	30
19:21	30
19:21	30
19:21	30
19:22	30
19:22	30
19:22	30
19:22	30
19:23	30
19:23	30
19:23	30
19:23	30
19:24	30
19:24	30
19:24	30
19:24	30
19:24	30
19:25	30
19:25	30
19:25	30
19:25	30
19:26	29
19:26	29
19:26	29
19:26	30
19:26	29
19:26	30
19:27	29
19:27	30
19:27	30
19:27	30
19:27	30
19:28	30
19:28	30
19:28	30
19:28	30
19:28	30
19:29	30
19:29	30
19:29	30
19:29	30
19:29	30
19:30	29
19:30	29
19:30	29
19:30	29
19:30	29
19:31	29
19:31	29
19:31	29
19:31	29
19:31	30
19:32	29
19:32	29
19:32	29
19:32	29
19:32	29
19:33	29
19:33	29
19:33	29
19:33	29
19:33	29
19:34	29
19:34	29
19:34	29
19:34	29
19:34	29
19:34	29
19:35	29
19:35	29
19:35	29
19:35	29
19:35	29
19:36	29
19:36	29
19:36	29
19:36	29
19:36	29
19:37	29
19:37	29
19:37	29
19:37	29
19:37	29
19:38	29
19:38	29
19:38	29
19:38	29
19:39	29
19:39	29
19:39	29
19:39	29
19:39	29
19:40	29
19:40	29
19:40	29
19:40	29
19:40	29
19:41	29
19:41	29
19:41	29
19:41	29
19:41	29
19:42	29
19:42	29
19:42	29
19:42	29
19:42	29
19:43	29
19:43	29
19:43	29
19:43	29
19:43	29
19:43	29
19:44	29
19:44	29
19:44	29
19:44	29
19:44	29
19:45	29
19:45	29
19:45	29
19:45	29
19:45	29
19:46	29
19:46	29
19:46	29
19:46	29
19:46	29
19:47	29
19:47	29
19:47	29
19:47	29
19:47	29
19:48	29
19:48	29
19:48	29
19:48	29
19:48	29
19:49	29
19:49	29
19:49	29
19:49	29
19:49	29
19:50	29
19:50	29
19:50	29
19:50	29
19:50	29
19:51	29
19:51	29
19:51	29
19:51	29
19:51	29
19:51	29
19:52	29
19:52	29
19:52	29
19:52	29
19:52	29
19:53	29
19:53	29
19:53	29
19:53	29
19:53	29
19:54	29
19:54	29
19:54	29
19:54	29
19:54	29
19:55	29
19:55	29
19:55	29
19:55	29
19:55	29
19:56	29
19:56	29
19:56	29
19:56	29
19:56	29
19:57	29
19:57	29
19:57	29
19:57	29
19:57	29
19:58	29
19:58	29
19:58	29
19:58	29
19:58	29
19:59	29
19:59	29
19:59	29
19:59	29
19:59	29
19:59	29
20:00	29
20:00	29
20:00	29
20:00	29
20:00	29
20:01	29
20:01	29
20:01	29
20:01	29
20:01	29
20:02	29
20:02	29
20:02	29
20:02	29
20:02	29
20:03	29
20:03	29
20:03	29
20:03	29
20:03	29
20:04	29
20:04	29
20:04	29
20:04	29
20:04	29
20:05	29
20:05	29
20:05	29
20:05	29
20:05	29
20:06	29
20:06	29
20:06	29
20:06	29
20:06	29
20:07	29
20:07	29
20:07	29
20:07	29
20:07	29
20:08	29
20:08	29
20:08	29
20:08	29
20:08	29
20:08	29
20:09	29
20:09	29
20:09	29
20:09	29
20:09	29
20:10	29
20:10	29
20:10	29
20:10	29
20:10	29
20:11	29
20:11	29
20:11	29
20:11	29
20:11	29
20:12	29
20:12	30
20:12	30
20:12	30
20:12	30
20:13	30
20:13	30
20:13	30
20:13	30
20:13	30
20:14	30
20:14	30
20:14	30
20:14	30
20:14	30
20:15	30
20:15	30
20:15	30
20:15	30
20:15	30
20:16	30
20:16	30
20:16	30
20:16	30
20:16	30
20:16	30
20:17	30
20:17	30
20:17	30
20:17	30
20:17	30
20:18	30
20:18	30
20:18	30
20:18	31
20:18	31
20:19	31
20:19	31
20:19	31
20:19	31
20:19	31
20:20	31
20:20	31
20:20	31
20:20	30
20:20	30
20:21	31
20:21	31
20:21	31
20:21	31
20:21	31
20:22	31
20:22	31
20:22	31
20:22	31
20:22	31
20:23	31
20:23	31
20:23	31
20:23	31
20:23	31
20:24	31
20:24	31
20:24	31
20:24	31
20:24	31
20:24	31
20:25	31
20:25	31
20:25	31
20:25	31
20:25	31
20:26	31
20:26	31
20:26	31
20:26	31
20:26	31
20:27	31
20:27	31
20:27	31
20:27	31
20:27	31
20:28	31
20:28	31
20:28	31
20:29	31
20:29	31
20:29	31
20:29	31
20:30	31
20:30	31
20:30	31
20:30	31
20:31	31
20:31	31
20:31	31
20:31	31
20:31	31
20:32	31
20:32	31
20:32	31
20:32	31
20:32	31
20:33	31
20:33	31
20:33	31
20:33	31
20:33	31
20:33	31
20:34	31
20:34	31
20:34	31
20:34	31
20:34	31
20:35	31
20:35	31
20:35	31
20:35	31
20:35	31
20:36	31
20:36	31
20:36	31
20:36	31
20:37	31
20:37	31
20:37	31
20:37	31
20:38	31
20:38	31
20:38	31
20:38	31
20:38	31
20:39	31
20:39	31
20:39	31
20:39	31
20:39	31
20:40	31
20:40	31
20:40	31
20:40	31
20:40	31
20:41	31
20:41	31
20:41	31
20:41	31
20:41	31
20:41	31
20:42	31
20:42	31
20:42	31
20:42	31
20:42	31
20:43	31
20:43	31
20:43	31
20:43	31
20:43	31
20:44	31
20:44	31
20:44	31
20:44	31
20:44	31
20:45	31
20:45	31
20:45	31
20:45	31
20:45	31
20:46	31
20:46	31
20:46	31
20:46	31
20:47	31
20:47	31
20:47	31
20:47	31
20:47	31
20:48	32
20:48	31
20:48	31
20:48	31
20:48	32
20:49	32
20:49	32
20:49	32
20:49	32
20:49	32
20:49	32
20:50	32
20:50	32
20:50	32
20:50	32
20:50	32
20:51	32
20:51	32
20:51	32
20:51	32
20:51	32
20:52	32
20:52	32
20:52	32
20:52	32
20:52	32
20:53	32
20:53	32
20:53	32
20:53	32
20:53	32
20:54	32
20:54	32
20:54	32
20:54	32
20:54	32
20:55	32
20:55	32
20:55	32
20:55	32
20:55	32
20:56	32
20:56	32
20:56	32
20:56	32
20:56	32
20:57	32
20:57	32
20:57	32
20:57	32
20:57	32
20:58	32
20:58	32
20:58	32
20:58	32
20:58	32
20:58	32
20:59	32
20:59	32
20:59	32
20:59	32
20:59	32
21:00	32
21:00	32
21:00	32
21:00	32
21:00	32
21:01	32
21:01	32
21:01	32
21:01	32
21:01	32
21:02	32
21:02	32
21:02	32
21:02	32
21:02	32
21:03	32
21:03	32
21:03	32
21:03	32
21:03	32
21:04	32
21:04	32
21:04	32
21:04	32
21:04	32
21:05	32
21:05	32
