time	humidity
02:18	33
02:18	33
02:19	33
02:19	33
02:19	33
02:19	33
02:19	33
02:20	33
02:20	33
02:20	33
02:20	33
02:20	33
02:21	33
02:21	33
02:21	34
02:21	34
02:21	34
02:22	33
02:22	33
02:22	33
02:22	33
02:22	33
02:22	33
02:23	33
02:23	33
02:23	33
02:23	33
02:23	33
02:24	33
02:24	33
02:24	33
02:24	33
02:24	33
02:25	33
02:25	33
02:25	33
02:25	34
02:25	34
02:26	34
02:26	34
02:26	34
02:26	34
02:26	34
02:27	34
02:27	34
02:27	34
02:27	34
02:27	34
02:28	34
02:28	33
02:28	33
02:28	33
02:28	33
02:29	33
02:29	33
02:29	33
02:29	33
02:29	33
02:30	33
02:30	33
02:30	33
02:30	33
02:30	33
02:30	33
02:31	33
02:31	33
02:31	33
02:31	34
02:31	34
02:32	33
02:32	33
02:32	33
02:32	33
02:32	33
02:33	33
02:33	33
02:33	33
02:55	54
02:55	51
02:55	49
02:55	48
02:55	46
02:56	45
02:56	44
02:56	43
02:56	42
02:56	41
02:57	41
02:57	41
02:57	40
02:57	39
02:57	39
02:57	39
02:58	38
02:58	38
02:58	38
02:58	38
02:58	39
03:00	44
03:00	44
03:01	44
03:01	52
03:01	54
03:01	55
03:01	55
03:02	55
03:02	55
03:02	55
03:02	54
03:02	54
03:03	53
03:03	53
03:03	52
03:03	52
03:03	51
03:04	51
03:04	50
03:04	48
03:04	47
03:04	46
03:05	46
03:05	45
03:05	45
03:05	45
03:05	44
03:06	44
03:06	43
03:06	43
03:06	43
03:06	43
03:07	43
03:07	42
03:07	42
03:07	42
03:07	42
03:08	42
03:08	42
03:08	42
03:08	42
03:08	42
03:08	42
03:09	42
03:09	42
03:09	42
03:09	42
03:09	42
03:10	41
03:10	41
03:10	41
03:10	41
03:10	41
03:11	41
03:11	41
03:11	40
03:11	40
03:11	40
03:12	40
03:12	40
03:12	40
03:12	40
03:12	40
03:13	40
03:13	40
03:13	40
03:13	40
03:13	40
03:14	40
03:14	40
03:14	39
03:14	39
03:14	39
03:15	39
03:15	39
03:15	39
03:15	39
03:15	38
03:16	38
03:16	38
03:16	38
03:16	38
03:16	38
03:16	38
03:17	38
03:17	37
03:17	37
03:17	37
03:17	37
03:18	37
03:18	37
03:18	37
03:18	37
03:18	37
03:19	37
03:19	37
03:19	36
03:19	36
03:19	36
03:20	36
03:20	36
03:20	36
03:20	36
03:20	36
03:21	36
03:21	36
03:21	35
03:21	35
03:21	35
03:22	35
03:22	35
03:22	35
03:22	35
03:22	35
03:23	35
03:23	35
03:23	35
03:23	35
03:23	34
03:24	34
03:24	34
03:24	34
03:24	34
03:24	34
03:25	34
03:25	34
03:25	34
03:25	34
03:25	34
03:25	33
03:26	33
03:26	33
03:26	33
03:26	33
03:26	33
03:27	33
03:27	33
03:27	33
03:27	33
03:27	32
03:28	32
03:28	32
03:28	32
03:28	32
03:28	32
03:29	32
03:29	32
03:29	32
03:29	32
03:29	32
03:30	32
03:30	32
03:30	32
03:30	32
03:30	32
03:31	32
03:31	32
03:31	31
03:31	31
03:31	31
03:32	31
03:32	31
03:32	31
03:55	49
03:55	49
03:55	48
03:56	46
03:56	46
03:56	44
03:56	43
03:56	43
03:57	44
03:57	44
03:57	44
03:57	43
03:57	43
03:58	42
03:58	42
03:58	41
03:58	41
03:58	40
03:59	40
03:59	39
03:59	39
03:59	38
03:59	38
04:00	37
04:00	37
04:00	37
04:00	36
04:00	36
04:01	36
04:01	36
04:01	35
04:01	35
04:01	35
04:01	35
04:02	35
04:02	34
04:02	34
04:02	34
04:02	34
04:03	34
04:03	33
04:03	33
04:03	33
04:03	33
04:04	33
04:04	33
04:04	33
04:04	32
04:04	32
04:05	32
04:05	32
04:05	32
04:05	32
04:05	32
04:06	32
04:06	32
04:06	32
04:06	32
04:06	32
04:07	31
04:07	31
04:07	31
04:07	31
04:07	31
04:08	31
04:08	31
04:08	31
04:08	31
04:08	30
04:09	30
04:09	30
04:09	30
04:09	30
04:09	30
04:09	30
04:10	30
04:10	30
04:10	30
04:10	30
04:10	30
04:11	30
04:11	30
04:11	30
04:11	30
04:11	30
04:12	29
04:12	29
04:12	29
04:12	29
04:12	29
04:13	29
04:13	29
04:13	29
04:13	29
04:13	29
04:14	29
04:14	29
04:14	29
04:14	29
04:14	29
04:15	29
04:15	29
04:15	29
04:15	29
04:15	29
04:16	29
04:16	29
04:16	29
04:16	28
04:16	28
04:17	28
04:17	28
04:17	28
04:17	28
04:17	28
04:18	28
04:18	28
04:18	28
04:18	28
04:18	28
04:18	28
04:19	28
04:19	28
04:19	28
04:19	28
04:19	28
04:20	28
04:20	28
04:20	28
04:20	28
04:20	28
04:21	28
04:21	28
04:21	28
04:21	28
04:21	28
04:22	28
04:22	28
04:22	28
04:22	28
04:22	28
04:23	28
04:23	28
04:23	28
04:23	28
04:23	28
04:24	28
04:24	28
04:24	28
04:24	28
04:24	28
04:25	27
04:25	27
04:25	27
04:25	27
04:25	27
04:26	27
04:26	27
04:26	27
04:26	27
04:26	27
04:26	27
04:27	27
04:27	27
04:27	27
04:27	27
04:27	27
04:28	27
04:28	27
04:28	27
04:28	27
04:28	27
04:29	27
04:29	27
04:29	27
04:29	27
04:29	27
04:30	27
04:30	27
04:30	27
04:30	27
04:30	27
04:31	27
04:31	27
04:31	27
04:31	27
04:31	27
04:32	27
04:32	27
04:32	27
04:32	27
04:32	27
04:33	27
04:33	27
04:33	27
04:33	27
04:33	27
04:34	27
04:34	27
04:34	27
04:34	27
04:34	27
04:34	27
04:35	27
04:35	27
04:35	27
04:35	27
04:35	27
04:36	27
04:36	27
04:36	27
04:36	27
04:36	27
04:37	27
04:37	27
04:37	27
04:37	27
04:37	27
04:38	27
04:38	27
04:38	27
04:38	26
04:38	27
04:39	27
04:39	26
04:39	26
04:39	26
04:39	26
04:40	26
04:40	26
04:40	26
04:40	26
04:40	26
04:41	26
04:41	26
04:41	26
04:41	26
04:41	26
04:42	26
04:42	26
04:42	26
04:42	26
04:42	26
04:43	26
04:43	26
04:43	26
04:43	26
04:43	26
04:43	26
04:44	26
04:44	26
04:44	26
04:44	26
04:44	26
04:45	26
04:45	26
04:45	26
04:45	26
04:45	26
04:46	26
04:46	26
04:46	26
04:46	26
04:46	26
04:47	26
04:47	26
04:47	26
04:47	26
04:47	26
04:48	26
04:48	26
04:48	26
04:48	26
04:48	26
04:49	26
04:49	26
04:49	26
04:49	26
04:49	26
04:50	26
04:50	26
04:50	26
04:50	26
04:50	26
04:51	26
04:51	26
04:51	26
04:51	26
04:51	26
04:51	26
04:52	26
04:52	26
04:52	26
04:52	26
04:52	26
04:53	26
04:53	26
04:53	26
04:53	26
04:53	26
04:54	26
04:54	26
04:54	26
04:54	26
04:54	26
04:55	26
04:55	26
04:55	26
04:55	26
04:55	26
04:56	26
04:56	26
04:56	26
04:56	26
04:56	26
04:57	26
04:57	26
04:57	26
04:57	26
04:57	26
04:58	26
04:58	26
04:58	26
04:58	26
04:58	26
04:59	26
04:59	26
04:59	26
04:59	26
04:59	26
04:59	26
05:00	26
05:00	26
05:00	26
05:00	26
05:00	26
05:01	26
05:01	26
05:01	26
05:01	26
05:01	26
05:02	26
05:02	26
05:02	26
05:02	26
05:02	26
05:03	26
05:03	26
05:03	26
05:03	26
05:03	26
05:04	26
05:04	26
05:04	26
05:04	26
05:04	26
05:05	26
05:05	26
05:05	26
05:05	26
05:05	26
05:06	26
05:06	26
05:06	26
05:06	26
05:06	26
05:07	26
05:07	26
05:07	26
05:07	26
05:07	26
05:08	26
05:08	26
05:08	26
05:08	26
05:08	26
05:08	26
05:09	26
05:09	26
05:09	26
05:09	26
05:09	26
05:10	26
05:10	26
05:10	26
05:10	26
05:10	26
05:11	26
05:11	26
05:11	26
05:11	26
05:11	26
05:12	26
05:12	26
05:12	26
05:12	26
05:12	25
05:13	26
05:13	26
05:13	26
05:13	26
05:13	25
05:14	25
05:14	25
05:14	25
05:14	25
05:14	25
05:15	25
05:15	25
05:15	25
05:15	25
05:15	25
05:16	25
05:16	25
05:16	25
05:16	25
05:16	25
05:16	25
05:17	25
05:17	25
05:17	25
05:17	25
05:17	25
05:18	25
05:18	25
05:18	25
05:18	25
05:18	25
05:19	25
05:19	25
05:19	25
05:19	25
05:19	25
05:20	25
05:20	25
05:20	25
05:20	25
05:20	25
05:21	25
05:21	25
05:21	25
05:21	25
05:21	25
05:22	25
05:22	25
05:22	25
05:22	25
05:22	25
05:23	25
05:23	25
05:23	25
05:23	25
05:23	25
05:24	25
05:24	25
05:24	25
05:24	25
05:24	25
05:24	25
05:25	25
05:25	25
05:25	25
05:25	25
05:25	25
05:26	25
05:26	25
05:26	25
05:26	25
05:26	25
05:27	25
05:27	25
05:27	25
05:27	25
05:27	25
05:28	25
05:28	25
05:28	25
05:28	25
05:28	25
05:29	25
05:29	25
05:29	25
05:29	25
05:29	25
05:30	25
05:30	25
05:30	25
05:30	25
05:30	25
05:31	25
05:31	25
05:31	25
05:31	25
05:31	25
05:32	25
05:32	25
05:32	25
05:32	25
05:32	25
05:33	25
05:33	25
05:33	25
05:33	25
05:33	25
05:33	25
05:34	25
05:34	25
05:34	25
05:34	25
05:34	25
05:35	25
05:35	25
05:35	25
05:35	25
05:35	25
05:36	25
05:36	25
05:36	25
05:36	25
05:36	25
05:37	25
05:37	25
05:37	25
05:37	25
05:37	25
05:38	25
05:38	25
05:38	25
05:38	25
05:38	25
05:39	25
05:39	25
05:39	25
05:39	25
05:39	25
05:40	25
05:40	25
05:40	25
05:40	25
05:40	25
05:41	25
05:41	25
05:41	25
05:41	25
05:41	25
05:41	25
05:42	25
05:42	25
05:42	25
05:42	25
05:42	25
05:43	25
05:43	25
05:43	25
05:43	25
05:43	25
05:44	25
05:44	25
05:44	25
05:44	25
05:44	25
05:45	25
05:45	25
05:45	25
05:45	25
05:45	25
05:46	25
05:46	25
05:46	25
05:46	25
05:46	25
05:47	25
05:47	25
05:47	25
05:47	25
05:47	25
05:48	25
05:48	25
05:48	25
05:48	25
05:48	25
05:49	25
05:49	25
05:49	25
05:49	25
05:49	25
05:49	25
05:50	25
05:50	25
05:50	25
05:50	25
05:50	25
05:51	25
05:51	25
05:51	25
05:51	25
05:52	25
05:52	25
05:52	25
05:52	25
05:52	25
05:53	25
05:53	25
05:53	25
05:53	25
05:53	25
05:54	25
05:54	25
05:54	25
05:54	25
05:54	25
05:55	25
05:55	25
05:55	25
05:55	25
05:55	25
05:56	25
05:56	25
05:56	25
05:56	25
05:56	25
05:57	25
05:57	25
05:57	25
05:57	25
05:57	25
05:58	25
05:58	25
05:58	25
05:58	25
05:58	25
05:58	25
05:59	25
05:59	25
05:59	25
05:59	25
05:59	25
06:00	25
06:00	25
06:00	25
06:00	25
06:00	25
06:01	25
06:01	25
06:01	25
06:01	25
06:01	25
06:02	25
06:02	25
06:02	25
06:02	25
06:02	25
06:03	25
06:03	25
06:03	25
06:03	25
06:03	25
06:04	25
06:04	25
06:04	25
06:04	25
06:04	25
06:05	25
06:05	25
06:05	25
06:05	25
06:05	25
06:06	25
06:06	25
06:06	25
06:06	25
06:06	25
06:06	25
06:07	25
06:07	25
06:07	25
06:07	25
06:07	25
06:08	25
06:08	25
06:08	25
06:08	25
06:08	25
06:09	25
06:09	25
06:09	25
06:09	25
06:09	25
06:10	25
06:10	25
06:10	25
06:10	25
06:10	25
06:11	25
06:11	25
06:11	25
06:11	25
06:11	25
06:12	25
06:12	25
06:12	25
06:12	25
06:12	25
06:13	25
06:13	25
06:13	25
06:13	25
06:13	25
06:14	25
06:14	25
06:14	25
06:14	25
06:14	25
06:15	25
06:15	25
06:15	25
06:15	25
06:15	25
06:15	25
06:16	25
06:16	25
06:16	25
06:16	25
06:16	25
06:17	25
06:17	25
06:17	25
06:17	25
06:17	25
06:18	25
06:18	25
06:18	25
06:18	25
06:18	25
06:19	25
06:19	25
06:19	25
06:19	25
06:19	25
06:20	25
06:20	25
06:20	25
06:20	25
06:20	25
06:21	25
06:21	25
06:21	25
06:21	25
06:21	25
06:22	25
06:22	25
06:22	25
06:22	25
06:22	25
06:23	25
06:23	25
06:23	25
06:23	25
06:23	25
06:23	25
06:24	25
06:24	25
06:24	25
06:24	25
06:24	25
06:25	25
06:25	25
06:25	25
06:25	25
06:25	25
06:26	25
06:26	25
06:26	25
06:26	25
06:26	25
06:27	25
06:27	25
06:27	25
06:27	25
06:27	25
06:28	25
06:28	25
06:28	25
06:28	25
06:28	25
06:29	25
06:29	25
06:29	25
06:29	25
06:29	25
06:30	25
06:30	25
06:30	25
06:30	25
06:30	25
06:31	25
06:31	25
06:31	25
06:31	25
06:31	25
06:31	25
06:32	25
06:32	25
06:32	25
06:32	25
06:32	25
06:33	25
06:33	25
06:33	25
06:33	25
06:33	25
06:34	25
06:34	25
06:34	25
06:34	25
06:34	25
06:35	25
06:35	25
06:35	25
06:35	25
06:35	25
06:36	25
06:36	25
06:36	25
06:36	25
06:36	25
06:37	25
06:37	25
06:37	25
06:37	25
06:37	25
06:38	25
06:38	25
06:38	25
06:38	25
06:38	25
06:39	25
06:39	25
06:39	25
06:39	25
06:39	25
06:40	25
06:40	25
06:40	25
06:40	25
06:40	25
06:40	25
06:41	25
06:41	25
06:41	25
06:41	25
06:41	25
06:42	25
06:42	25
06:42	25
06:42	25
06:42	25
06:43	25
06:43	25
06:43	25
06:43	25
06:43	25
06:44	25
06:44	25
06:44	25
06:44	25
06:44	25
06:45	25
06:45	25
06:45	25
06:45	25
06:45	25
06:46	25
06:46	25
06:46	25
06:46	25
06:46	25
06:47	25
06:47	25
06:47	25
06:47	25
06:47	25
06:48	25
06:48	25
06:48	25
06:48	25
06:48	25
06:48	25
06:49	25
06:49	25
06:49	25
06:49	25
06:49	25
06:50	25
06:50	25
06:50	25
06:50	25
06:50	25
06:51	25
06:51	25
06:51	25
06:51	25
06:51	25
06:52	25
06:52	25
06:52	25
06:52	25
06:52	25
06:53	25
06:53	25
06:53	25
06:53	25
06:53	25
06:54	25
06:54	25
06:54	25
06:54	25
06:54	25
06:55	25
06:55	25
06:55	25
06:55	25
06:55	25
06:56	25
06:56	25
06:56	25
06:56	25
06:56	25
06:56	25
06:57	25
06:57	25
06:57	25
06:57	25
06:57	25
06:58	25
06:58	25
06:58	25
06:58	25
06:58	25
06:59	25
06:59	25
06:59	25
06:59	25
06:59	25
07:00	25
07:00	25
07:00	25
07:00	25
07:00	25
07:01	25
07:01	25
07:01	25
07:01	25
07:01	25
07:02	25
07:02	25
07:02	25
07:02	25
07:02	25
07:03	25
07:03	25
07:03	25
07:03	25
07:03	25
07:04	25
07:04	25
07:04	25
07:04	25
07:04	25
07:05	25
07:05	25
07:05	25
07:05	25
07:05	25
07:05	25
07:06	25
07:06	25
07:06	25
07:06	25
07:06	25
07:07	25
07:07	25
07:07	25
07:07	25
07:07	25
07:08	25
07:08	25
07:08	25
07:08	25
07:08	25
07:09	25
07:09	25
07:09	25
07:09	25
07:09	25
07:10	25
07:10	25
07:10	25
07:10	25
07:10	25
07:11	25
07:11	25
07:11	25
07:11	25
07:11	25
07:12	25
07:12	25
07:12	25
07:12	25
07:12	25
07:13	25
07:13	25
07:13	25
07:13	25
07:13	25
07:13	25
07:14	25
07:14	25
07:14	25
07:14	25
07:14	25
07:15	25
07:15	25
07:15	25
07:15	25
07:15	25
07:16	25
07:16	25
07:16	25
07:16	25
07:16	25
07:17	25
07:17	25
07:17	25
07:17	25
07:17	25
07:18	25
07:18	25
07:18	25
07:18	25
07:18	25
07:19	25
07:19	25
07:19	25
07:19	25
07:19	25
07:20	25
07:20	25
07:20	25
07:20	25
07:20	25
07:21	25
07:21	25
07:21	25
07:21	25
07:21	25
07:21	25
07:22	25
07:22	25
07:22	25
07:22	25
07:22	25
07:23	25
07:23	25
07:23	25
07:23	25
07:23	25
07:24	25
07:24	25
07:24	25
07:24	25
07:24	25
07:25	25
07:25	25
07:25	25
07:25	25
07:25	25
07:26	25
07:26	25
07:26	25
07:26	25
07:26	25
07:27	25
07:27	25
07:27	25
07:27	25
07:27	25
07:28	25
07:28	25
07:28	25
07:28	25
07:28	25
07:29	25
07:29	25
07:29	25
07:29	25
07:29	25
07:30	25
07:30	25
07:30	25
07:30	25
07:30	25
07:30	25
07:31	25
07:31	25
07:31	25
07:31	25
07:31	25
07:32	25
07:32	25
07:32	25
07:32	25
07:32	25
07:33	25
07:33	25
07:33	25
07:33	25
07:33	25
07:34	25
07:34	25
07:34	25
07:34	25
07:34	25
07:35	25
07:35	25
07:35	25
07:35	25
07:35	25
07:36	25
07:36	25
07:36	25
07:36	25
07:36	25
07:37	25
07:37	25
07:37	25
07:37	25
07:37	25
07:38	25
07:38	25
07:38	25
07:38	25
07:38	25
07:38	25
07:39	25
07:39	25
07:39	25
07:39	25
07:39	25
07:40	25
07:40	25
07:40	25
07:40	25
07:40	25
07:41	25
07:41	25
07:41	25
07:41	25
07:41	25
07:42	25
07:42	25
07:42	25
07:42	25
07:42	25
07:43	25
07:43	25
07:43	25
07:43	25
07:43	25
07:44	25
07:44	25
07:44	25
07:44	25
07:44	25
07:45	25
07:45	25
07:45	25
07:45	25
07:45	25
07:46	25
07:46	25
07:46	25
07:46	25
07:46	25
07:46	25
07:47	25
07:47	25
07:47	25
07:47	25
07:47	25
07:48	25
07:48	25
07:48	25
07:48	25
07:48	25
07:49	25
07:49	25
07:49	25
07:49	25
07:49	25
07:50	25
07:50	25
07:50	25
07:50	25
07:50	25
07:51	25
07:51	25
07:51	25
07:51	25
07:51	25
07:52	25
07:52	25
07:52	25
07:52	25
07:52	25
07:53	25
07:53	25
07:53	25
07:53	25
07:53	25
07:54	25
07:54	25
07:54	25
07:54	25
07:54	25
07:55	25
07:55	25
07:55	25
07:55	25
07:55	25
07:55	25
07:56	25
07:56	25
07:56	25
07:56	25
07:56	25
07:57	25
07:57	25
07:57	25
07:57	25
07:57	25
07:58	25
07:58	25
07:58	25
07:58	25
07:58	25
07:59	25
07:59	25
07:59	25
07:59	25
07:59	25
08:00	25
08:00	25
08:00	25
08:00	25
08:00	25
08:01	25
08:01	25
08:01	25
08:01	25
08:01	25
08:02	25
08:02	25
08:02	25
08:02	25
08:02	25
08:03	25
08:03	25
08:03	25
08:03	25
08:03	25
08:03	25
08:04	25
08:04	25
08:04	25
08:04	25
08:04	25
08:05	25
08:05	25
08:05	25
08:05	25
08:05	25
08:06	25
08:06	25
08:06	25
08:06	25
08:06	25
08:07	25
08:07	25
08:07	25
08:07	25
08:07	25
08:08	25
08:08	25
08:08	25
08:08	25
08:08	25
08:09	25
08:09	25
08:09	25
08:09	25
08:09	25
08:10	25
08:10	25
08:10	25
08:10	25
08:10	25
08:11	25
08:11	25
08:11	25
08:11	25
08:11	25
08:11	25
08:12	25
08:12	25
08:12	25
08:12	25
08:12	25
08:13	25
08:13	25
08:13	25
08:13	25
08:13	25
08:14	25
08:14	25
08:14	25
08:14	25
08:14	25
08:15	25
08:15	25
08:15	25
08:15	25
08:15	25
08:16	25
08:16	25
08:16	25
08:16	25
08:16	25
08:17	25
08:17	25
08:17	25
08:17	25
08:17	25
08:18	25
08:18	25
08:18	25
08:18	25
08:18	25
08:19	25
08:19	25
08:19	25
08:19	25
08:19	25
08:20	25
08:20	25
08:20	25
08:20	25
08:20	25
08:20	25
08:21	25
08:21	25
08:21	25
08:21	25
08:21	25
08:22	25
08:22	25
08:22	25
08:22	25
08:22	25
08:23	25
08:23	25
08:23	25
08:23	25
08:23	25
08:24	25
08:24	25
08:24	25
08:24	25
08:24	25
08:25	25
08:25	25
08:25	25
08:25	25
08:25	25
08:26	25
08:26	25
08:26	25
08:26	25
08:26	25
08:27	25
08:27	25
08:27	25
08:27	25
08:27	25
08:28	25
08:28	25
08:28	25
08:28	25
08:28	25
08:28	25
08:29	25
08:29	25
08:29	25
08:29	25
08:29	25
08:30	25
08:30	25
08:30	25
08:30	25
08:30	25
08:31	25
08:31	25
08:31	25
08:31	25
08:31	25
08:32	25
08:32	25
08:32	25
08:32	25
08:32	25
08:33	25
08:33	25
08:33	25
08:33	25
08:33	25
08:34	25
08:34	25
08:34	25
08:34	25
08:34	25
08:35	25
08:35	25
08:35	25
08:35	25
08:35	25
08:36	25
08:36	25
08:36	25
08:36	25
08:36	25
08:36	25
08:37	25
08:37	25
08:37	25
08:37	25
08:37	25
08:38	25
08:38	25
08:38	25
08:38	25
08:38	25
08:39	25
08:39	25
08:39	25
08:39	25
08:39	25
08:40	25
08:40	25
08:40	25
08:40	25
08:40	25
08:41	25
08:41	25
08:41	25
08:41	25
08:41	25
08:42	25
08:42	25
08:42	25
08:42	25
08:42	25
08:43	25
08:43	25
08:43	25
08:43	25
08:43	25
08:44	25
08:44	25
08:44	25
08:44	25
08:44	25
08:45	25
08:45	25
08:45	25
08:45	25
08:45	25
08:45	25
08:46	25
08:46	25
08:46	25
08:46	25
08:46	25
08:47	25
08:47	25
08:47	25
08:47	25
08:47	25
08:48	25
08:48	25
08:48	25
08:48	25
08:48	25
08:49	25
08:49	25
08:49	25
08:49	25
08:49	25
08:50	25
08:50	25
08:50	25
08:50	25
08:50	25
08:51	25
08:51	25
08:51	25
08:51	25
08:51	25
08:52	25
08:52	25
08:52	25
08:52	25
08:52	25
08:53	25
08:53	25
08:53	25
08:53	25
08:53	25
08:53	25
08:54	25
08:54	25
08:54	25
08:54	25
08:54	25
08:55	25
08:55	25
08:55	25
08:55	25
08:55	25
08:56	25
08:56	25
08:56	25
08:56	25
08:56	25
08:57	25
08:57	25
08:57	25
08:57	25
08:57	25
08:58	25
08:58	25
08:58	25
08:58	25
08:58	25
08:59	25
08:59	25
08:59	25
08:59	25
08:59	25
09:00	25
09:00	25
09:00	25
09:00	25
09:00	25
09:01	25
09:01	25
09:01	25
09:01	25
09:01	25
09:01	25
09:02	25
09:02	25
09:02	25
09:02	25
09:02	25
09:03	25
09:03	25
09:03	25
09:03	25
09:03	25
09:04	25
09:04	25
09:04	25
09:04	25
09:04	25
09:05	25
09:05	25
09:05	25
09:05	25
09:05	25
09:06	25
09:06	25
09:06	25
09:06	25
09:06	25
09:07	25
09:07	25
09:07	25
09:07	25
09:07	25
09:08	25
09:08	25
09:08	25
09:08	25
09:08	25
09:09	25
09:09	25
09:09	25
09:09	25
09:09	25
09:10	25
09:10	25
09:10	25
09:10	25
09:10	25
09:10	25
09:11	25
09:11	25
09:11	25
09:11	25
09:11	25
09:12	25
09:12	25
09:12	25
09:12	25
09:12	25
09:13	25
09:13	25
09:13	25
09:13	25
09:13	25
09:14	25
09:14	25
09:14	25
09:14	25
09:14	25
09:15	25
09:15	25
09:15	25
09:15	25
09:15	25
09:16	25
09:16	25
09:16	25
09:16	25
09:16	25
09:17	25
09:17	25
09:17	25
09:17	25
09:17	25
09:18	25
09:18	25
09:18	25
09:18	25
09:18	25
09:18	25
09:19	25
09:19	25
09:19	25
09:19	25
09:19	25
09:20	25
09:20	25
09:20	25
09:20	25
09:20	25
09:21	25
09:21	25
09:21	25
09:21	25
09:21	25
09:22	25
09:22	25
09:22	25
09:22	25
09:22	25
09:23	25
09:23	25
09:23	25
09:23	25
09:23	25
09:24	25
09:24	25
09:24	25
09:24	25
09:24	25
09:25	25
09:25	25
09:25	25
09:25	25
09:25	25
09:26	25
09:26	25
09:26	25
09:26	25
09:26	25
09:26	25
09:27	25
09:27	25
09:27	25
09:27	25
09:27	25
09:28	25
09:28	25
09:28	25
09:28	25
09:28	25
09:29	25
09:29	25
09:29	25
09:29	25
09:29	25
09:30	25
09:30	25
09:30	25
09:30	25
09:30	25
09:31	25
09:31	25
09:31	25
09:31	25
09:31	25
09:32	25
09:32	25
09:32	25
09:32	25
09:32	25
09:33	25
09:33	25
09:33	25
09:33	25
09:33	25
09:34	25
09:34	25
09:34	25
09:34	25
09:34	25
09:35	25
09:35	25
09:35	25
09:35	25
09:35	25
09:35	25
09:36	25
09:36	25
09:36	25
09:36	25
09:36	25
09:37	25
09:37	25
09:37	25
09:37	25
09:37	25
09:38	25
09:38	25
09:38	25
09:38	25
09:38	25
09:39	25
09:39	25
09:39	25
09:39	25
09:39	25
09:40	25
09:40	25
09:40	25
09:40	25
09:40	25
09:41	25
09:41	25
09:41	25
09:41	25
09:41	25
09:42	25
09:42	25
09:42	25
09:42	25
09:42	25
09:43	25
09:43	25
09:43	25
09:43	25
09:43	25
09:43	25
09:44	25
09:44	25
09:44	25
09:44	25
09:44	25
09:45	25
09:45	25
09:45	25
09:45	25
09:45	25
09:46	25
09:46	25
09:46	25
09:46	25
09:46	25
09:47	25
09:47	25
09:47	25
09:47	25
09:47	25
09:48	25
09:48	25
09:48	25
09:48	25
09:48	25
09:49	25
09:49	25
09:49	25
09:49	25
09:49	25
09:50	25
09:50	25
09:50	25
09:50	25
09:50	25
09:51	25
09:51	25
09:51	25
09:51	25
09:51	25
09:51	25
09:52	25
09:52	25
09:52	25
09:52	25
09:52	25
09:53	25
09:53	25
09:53	25
09:53	25
09:53	25
09:54	25
09:54	25
09:54	25
09:54	25
09:54	25
09:55	25
09:55	25
09:55	25
09:55	25
09:55	25
09:56	25
09:56	25
09:56	25
09:56	25
09:56	25
09:57	25
09:57	25
09:57	25
09:57	25
09:57	25
09:58	25
09:58	25
09:58	25
09:58	25
09:58	25
09:59	25
09:59	25
09:59	25
09:59	25
09:59	25
10:00	25
10:00	25
10:00	25
10:00	25
10:00	25
10:00	25
10:01	25
10:01	25
10:01	25
10:01	25
10:01	25
10:02	25
10:02	25
10:02	25
10:02	25
10:02	25
10:03	25
10:03	25
10:03	25
10:03	25
10:03	25
10:04	25
10:04	25
10:04	25
10:04	25
10:04	25
10:05	25
10:05	25
10:05	25
10:05	25
10:05	25
10:06	25
10:06	25
10:06	25
10:06	25
10:06	25
10:07	25
10:07	25
10:07	25
10:07	25
10:07	25
10:08	25
10:08	25
10:08	25
10:08	25
10:08	25
10:08	25
10:09	25
10:09	25
10:09	25
10:09	25
10:09	25
10:10	25
10:10	25
10:10	25
10:10	25
10:10	25
10:11	25
10:11	25
10:11	25
10:11	25
10:11	25
10:12	25
10:12	25
10:12	25
10:12	25
10:12	25
10:13	25
10:13	25
10:13	25
10:13	25
10:13	25
10:14	25
10:14	25
10:14	25
10:14	25
10:14	25
10:15	25
10:15	25
10:15	25
10:15	25
10:15	25
10:16	25
10:16	25
10:16	25
10:16	25
10:16	25
10:16	25
10:17	25
10:17	25
10:17	25
10:17	25
10:17	25
10:18	25
10:18	25
10:18	25
10:18	25
10:18	25
10:19	25
10:19	25
10:19	25
10:19	25
10:19	25
10:20	25
10:20	25
10:20	25
10:20	25
10:20	25
10:21	25
10:21	25
10:21	25
10:21	25
10:21	25
10:22	25
10:22	25
10:22	25
10:22	25
10:22	25
10:23	25
10:23	25
10:23	25
10:23	25
10:23	25
10:24	25
10:24	25
10:24	25
10:24	25
10:24	25
10:25	25
10:25	25
10:25	25
10:25	25
10:25	25
10:25	25
10:26	25
10:26	25
10:26	25
10:26	25
10:26	25
10:27	25
10:27	25
10:27	25
10:27	25
10:27	25
10:28	25
10:28	25
10:28	25
10:28	25
10:28	25
10:29	25
10:29	25
10:29	25
10:29	25
10:29	25
10:30	25
10:30	25
10:30	25
10:30	25
10:30	25
10:31	25
10:31	25
10:31	25
10:31	25
10:31	25
10:32	25
10:32	25
10:32	25
10:32	25
10:32	25
10:33	25
10:33	25
10:33	25
10:33	25
10:33	25
10:33	25
10:34	25
10:34	25
10:34	25
10:34	25
10:34	25
10:35	25
10:35	25
10:35	25
10:35	25
10:35	25
10:36	25
10:36	25
10:36	25
10:36	25
10:36	25
10:37	25
10:37	25
10:37	25
10:37	25
10:37	25
10:38	25
10:38	25
10:38	25
10:38	25
10:38	25
10:39	25
10:39	25
10:39	25
10:39	25
10:39	25
10:40	25
10:40	25
10:40	25
10:40	25
10:40	25
10:41	25
10:41	25
10:41	25
10:41	25
10:41	25
10:41	25
10:42	25
10:42	25
10:42	25
10:42	25
10:42	25
10:43	25
10:43	25
10:43	25
10:43	25
10:43	25
10:44	25
10:44	25
10:44	25
10:44	25
10:44	25
10:45	25
10:45	25
10:45	25
10:45	25
10:45	25
10:46	25
10:46	25
10:46	25
10:46	25
10:46	25
10:47	25
10:47	25
10:47	25
10:47	25
10:47	25
10:48	25
10:48	25
10:48	25
10:48	25
10:48	25
10:49	25
10:49	25
10:49	25
10:49	25
10:49	25
10:50	25
10:50	25
10:50	25
10:50	25
10:50	25
10:50	25
10:51	25
10:51	25
10:51	25
10:51	25
10:51	25
10:52	25
10:52	25
10:52	25
10:52	25
10:52	25
10:53	25
10:53	25
10:53	25
10:53	25
10:53	25
10:54	25
10:54	25
10:54	25
10:54	25
10:54	25
10:55	25
10:55	25
10:55	25
10:55	25
10:55	25
10:56	25
10:56	25
10:56	25
10:56	25
10:56	25
10:57	25
10:57	25
10:57	25
10:57	25
10:57	25
10:58	25
10:58	25
10:58	25
10:58	25
10:58	25
10:58	25
10:59	25
10:59	25
10:59	25
10:59	25
10:59	25
11:00	25
11:00	25
11:00	25
11:00	25
11:00	25
11:01	25
11:01	25
11:01	25
11:01	25
11:01	25
11:02	25
11:02	25
11:02	25
11:02	25
11:02	25
11:03	25
11:03	25
11:03	25
11:03	25
11:03	25
11:04	25
11:04	25
11:04	25
11:04	25
11:04	25
11:05	25
11:05	25
11:05	25
11:05	25
11:05	25
11:06	25
11:06	25
11:06	25
11:06	25
11:06	25
11:06	25
11:07	25
11:07	25
11:07	25
11:07	25
11:07	25
11:08	25
11:08	25
11:08	25
11:08	25
11:08	25
11:09	25
11:09	25
11:09	25
11:09	25
11:09	25
11:10	25
11:10	25
11:10	25
11:10	25
11:10	25
11:11	25
11:11	25
11:11	25
11:11	25
11:11	25
11:12	25
11:12	25
11:12	25
11:12	25
11:12	25
11:13	25
11:13	25
11:13	25
11:13	25
11:13	25
11:14	25
11:14	25
11:14	25
11:14	25
11:14	25
11:15	25
11:15	25
11:15	25
11:15	25
11:15	25
11:15	25
11:16	25
11:16	25
11:16	25
11:16	25
11:16	25
11:17	25
11:17	25
11:17	25
11:17	25
11:17	25
11:18	25
11:18	25
11:18	25
11:18	25
11:18	25
11:19	25
11:19	25
11:19	25
11:19	25
11:19	25
11:20	25
11:20	25
11:20	25
11:20	25
11:20	25
11:21	25
11:21	25
11:21	25
11:21	25
11:21	25
11:22	25
11:22	25
11:22	25
11:22	25
11:22	25
11:23	25
11:23	25
11:23	25
11:23	25
11:23	25
11:23	25
11:24	25
11:24	25
11:24	25
11:24	25
11:24	25
11:25	25
11:25	25
11:25	25
11:25	25
11:25	25
11:26	25
11:26	25
11:26	25
11:26	25
11:26	25
11:27	25
11:27	25
11:27	25
11:27	25
11:27	25
11:28	25
11:28	25
11:28	25
11:28	25
11:28	25
11:29	25
11:29	25
11:29	25
11:29	25
11:29	25
11:30	25
11:30	25
11:30	25
11:30	25
11:30	25
11:31	25
11:31	25
11:31	25
11:31	25
11:31	25
11:31	25
11:32	25
11:32	25
11:32	25
11:32	25
11:32	25
11:33	25
11:33	25
11:33	25
11:33	25
11:33	25
11:34	25
11:34	25
11:34	25
11:34	25
11:34	25
11:35	25
11:35	25
11:35	25
11:35	25
11:35	25
11:36	25
11:36	25
11:36	25
11:36	25
11:36	25
11:37	25
11:37	25
11:37	25
11:37	25
11:37	25
11:38	25
11:38	25
11:38	25
11:38	25
11:38	25
11:39	25
11:39	25
11:39	25
11:39	25
11:39	25
11:40	25
11:40	25
11:40	25
11:40	25
11:40	25
11:40	25
11:41	25
11:41	25
11:41	25
11:41	25
11:41	25
11:42	25
11:42	25
11:42	25
11:42	25
11:42	25
11:43	25
11:43	25
11:43	25
11:43	25
11:43	25
11:44	25
11:44	25
11:44	25
11:44	25
11:44	25
11:45	25
11:45	25
11:45	25
11:45	25
11:45	25
11:46	25
11:46	25
11:46	25
11:46	25
11:46	25
11:47	25
11:47	25
11:47	25
11:47	25
11:47	25
11:48	25
11:48	25
11:48	25
11:48	25
11:48	25
11:48	25
11:49	25
11:49	25
11:49	25
11:49	25
11:49	25
11:50	25
11:50	25
11:50	25
11:50	25
11:50	25
11:51	25
11:51	25
11:51	25
11:51	25
11:51	25
11:52	25
11:52	25
11:52	25
11:52	25
11:52	25
11:53	25
11:53	25
11:53	25
11:53	25
11:53	25
11:54	25
11:54	25
11:54	25
11:54	25
11:54	25
11:55	25
11:55	25
11:55	25
11:55	25
11:55	25
11:56	25
11:56	25
11:56	25
11:56	25
11:56	25
11:56	25
11:57	25
11:57	25
11:57	25
11:57	25
11:57	25
11:58	25
11:58	25
11:58	25
11:58	25
11:58	25
11:59	25
11:59	25
11:59	25
11:59	25
11:59	25
12:00	25
12:00	25
12:00	25
12:00	25
12:00	25
12:01	25
12:01	25
12:01	25
12:01	25
12:01	25
12:02	25
12:02	25
12:02	25
12:02	25
12:02	25
12:03	25
12:03	25
12:03	25
12:03	25
12:03	25
12:04	25
12:04	25
12:04	25
12:04	25
12:04	25
12:05	25
12:05	25
12:05	25
12:05	25
12:05	25
12:05	25
12:06	25
12:06	25
12:06	25
12:06	25
12:06	25
12:07	25
12:07	25
12:07	25
12:07	25
12:07	25
12:08	25
12:08	25
12:08	25
12:08	25
12:08	25
12:09	25
12:09	25
12:09	25
12:09	25
12:09	25
12:10	25
12:10	25
12:10	25
12:10	25
12:10	25
12:11	25
12:11	25
12:11	25
12:11	25
12:11	25
12:12	25
12:12	25
12:12	25
12:12	25
12:12	25
12:13	25
12:13	25
12:13	25
12:13	25
12:13	25
12:13	25
12:14	25
12:14	25
12:14	25
12:14	25
12:14	25
12:15	25
12:15	25
12:15	25
12:15	25
12:15	25
12:16	25
12:16	25
12:16	25
12:16	25
12:16	25
12:17	25
12:17	25
12:17	25
12:17	25
12:17	25
12:18	25
12:18	25
12:18	25
12:18	25
12:18	25
12:19	25
12:19	25
12:19	25
12:19	25
12:19	25
12:20	25
12:20	25
12:20	25
12:20	25
12:20	25
12:21	25
12:21	25
12:21	25
12:21	25
12:21	25
12:21	25
12:22	25
12:22	25
12:22	25
12:22	25
12:22	25
12:23	25
12:23	25
12:23	25
12:23	25
12:23	25
12:24	25
12:24	25
12:24	25
12:24	25
12:24	25
12:25	25
12:25	25
12:25	25
12:25	25
12:25	25
12:26	25
12:26	25
12:26	25
12:26	25
12:26	25
12:27	25
12:27	25
12:27	25
12:27	25
12:27	25
12:28	25
12:28	25
12:28	25
12:28	25
12:28	25
12:29	25
12:29	25
12:29	25
12:29	25
12:29	25
12:30	25
12:30	25
12:30	25
12:30	25
12:30	25
12:30	25
12:31	25
12:31	25
12:31	25
12:31	25
12:31	25
12:32	25
12:32	25
12:32	25
12:32	25
12:32	25
12:33	25
12:33	25
12:33	25
12:33	25
12:33	25
12:34	25
12:34	25
12:34	25
12:34	25
12:34	25
12:35	25
12:35	25
12:35	25
12:35	25
12:35	25
12:36	25
12:36	25
12:36	26
12:36	27
12:36	27
12:37	28
12:37	28
12:37	29
12:37	29
12:37	30
12:38	30
12:38	31
12:38	31
12:38	32
12:38	32
12:38	32
12:39	33
12:39	33
12:39	33
12:39	33
12:39	34
12:40	34
12:40	34
12:40	34
12:40	34
12:40	34
12:41	34
12:41	34
12:41	34
12:41	34
12:41	34
12:42	35
12:42	35
12:42	35
12:42	35
12:42	35
12:43	35
12:43	36
12:43	36
12:43	36
12:43	36
12:44	36
12:44	36
12:44	36
12:44	36
12:44	36
12:45	36
12:45	36
12:45	36
12:45	36
12:45	36
12:46	36
12:46	36
12:46	36
12:46	36
12:46	36
12:46	36
12:47	36
12:47	36
12:47	37
12:47	37
12:47	37
12:48	37
12:48	37
12:48	37
12:48	37
12:48	37
12:49	37
12:49	37
12:49	37
12:49	37
12:49	37
12:50	37
12:50	37
12:50	37
12:50	37
12:50	37
12:51	36
12:51	36
12:51	36
12:51	36
12:51	36
12:52	36
12:52	36
12:52	36
12:52	36
12:52	37
12:53	37
12:53	37
12:53	37
12:53	37
12:53	37
12:54	37
12:54	37
12:54	37
12:54	37
12:54	37
12:55	37
12:55	37
12:55	37
12:55	37
12:55	37
12:55	37
12:56	37
12:56	37
12:56	37
12:56	37
12:56	37
12:57	37
12:57	38
12:57	38
12:57	38
12:57	38
12:58	37
12:58	37
12:58	37
12:58	37
12:58	38
12:59	38
12:59	38
12:59	38
12:59	38
12:59	38
13:00	38
13:00	38
13:00	37
13:00	37
13:00	38
13:01	37
13:01	37
13:01	37
13:01	37
13:01	36
13:02	36
13:02	36
13:02	36
13:02	36
13:02	36
13:03	36
13:03	36
13:03	36
13:03	36
13:03	35
13:03	35
13:04	35
13:04	35
13:04	35
13:04	35
13:04	35
13:05	35
13:05	35
13:05	35
13:05	35
13:05	35
13:06	35
13:06	35
13:06	35
13:06	36
13:06	35
13:07	35
13:07	35
13:07	35
13:07	35
13:07	35
13:08	35
13:08	35
13:08	35
13:08	35
13:08	35
13:09	35
13:09	35
13:09	35
13:09	35
13:09	35
13:10	35
13:10	35
13:10	35
13:10	34
13:10	34
13:11	34
13:11	35
13:11	34
13:11	34
13:11	34
13:11	34
13:12	34
13:12	34
13:12	34
13:12	34
13:12	34
13:13	34
13:13	34
13:13	34
13:13	34
13:13	34
13:14	34
13:14	34
13:14	34
13:14	34
13:14	34
13:15	34
13:15	34
13:15	34
13:15	34
13:15	34
13:16	34
13:16	34
13:16	35
13:16	34
13:16	34
13:17	34
13:17	34
13:17	34
13:17	34
13:17	34
13:18	34
13:18	34
13:18	34
13:18	34
13:18	34
13:19	35
13:19	34
13:19	34
13:19	34
13:19	34
13:20	35
13:20	34
13:20	34
13:20	34
13:20	34
13:20	34
13:21	34
13:21	35
13:21	35
13:21	35
13:21	35
13:22	35
13:22	35
13:22	35
13:22	35
13:22	35
13:23	35
13:23	35
13:23	35
13:23	35
13:23	35
13:24	36
13:24	35
13:24	35
13:24	35
13:24	35
13:25	35
13:25	35
13:25	35
13:25	35
13:25	35
13:26	36
13:26	36
13:26	36
13:26	36
13:26	36
13:27	36
13:27	36
13:27	36
13:27	36
13:27	36
13:28	35
13:28	36
13:28	36
13:28	36
13:28	36
13:28	36
13:29	36
13:29	36
13:29	36
13:29	36
13:29	36
13:30	36
13:30	36
13:30	36
13:30	36
13:30	37
13:31	37
13:31	37
13:31	37
13:31	37
13:31	37
13:32	37
13:32	37
13:32	37
13:32	37
13:32	37
13:33	37
13:33	37
13:33	37
13:33	38
13:33	38
13:34	38
13:34	38
13:34	38
13:34	38
13:34	38
13:35	38
13:35	38
13:35	38
13:35	38
13:35	38
13:36	38
13:36	38
13:36	38
13:36	38
13:36	38
13:36	38
13:37	38
13:37	38
13:37	38
13:37	38
13:37	38
13:38	38
13:38	38
13:38	38
13:38	38
13:38	38
13:39	38
13:39	38
13:39	38
13:39	38
13:39	38
13:40	38
13:40	38
13:40	38
13:40	38
13:40	38
13:41	38
13:41	38
13:41	38
13:41	38
13:41	38
13:42	38
13:42	38
13:42	38
13:42	38
13:42	38
13:43	38
13:43	38
13:43	38
13:43	38
13:43	38
13:44	38
13:44	38
13:44	38
13:44	38
13:44	38
13:45	38
13:45	38
13:45	38
13:45	38
13:45	38
13:45	38
13:46	38
13:46	38
13:46	38
13:46	38
13:46	38
13:47	38
13:47	38
13:47	38
13:47	38
13:47	39
13:48	39
13:48	39
13:48	39
13:48	38
13:48	38
13:49	38
13:49	38
13:49	38
13:49	38
13:49	38
13:50	38
13:50	38
13:50	38
13:50	38
13:50	38
13:51	38
13:51	38
13:51	38
13:51	38
13:51	38
13:52	38
13:52	38
13:52	37
13:52	37
13:52	37
13:53	37
13:53	37
13:53	37
13:53	37
13:53	38
13:53	39
13:54	39
13:54	39
13:54	39
13:54	39
13:54	38
13:55	39
13:55	39
13:55	39
13:55	38
13:55	39
13:56	38
13:56	39
13:56	39
13:56	39
13:56	38
13:57	38
13:57	38
13:57	38
13:57	38
13:57	38
13:58	37
13:58	37
13:58	37
13:58	37
13:58	36
13:59	36
13:59	36
13:59	36
13:59	36
13:59	36
14:00	36
14:00	36
14:00	36
14:00	36
14:00	37
14:01	36
14:01	36
14:01	36
14:01	36
14:01	36
14:01	36
14:02	36
14:02	36
14:02	36
14:02	36
14:02	36
14:03	36
14:03	36
14:03	37
14:03	37
14:03	37
14:04	37
14:04	37
14:04	37
14:04	37
14:04	38
14:05	38
14:05	38
14:05	38
14:05	38
14:05	38
14:06	37
14:06	37
14:06	37
14:06	38
14:06	38
14:07	38
14:07	38
14:07	38
14:07	38
14:07	38
14:08	38
14:08	37
14:08	37
14:08	38
14:08	38
14:09	38
14:09	38
14:09	38
14:09	38
14:09	38
14:10	38
14:10	38
14:10	38
14:10	38
14:10	39
14:10	39
14:11	38
14:11	38
14:11	38
14:11	38
14:11	38
14:12	38
14:12	38
14:12	38
14:12	38
14:12	38
14:13	38
14:13	38
14:13	38
14:13	38
14:13	38
14:14	38
14:14	38
14:14	38
14:14	38
14:14	38
14:15	38
14:15	38
14:15	38
14:15	38
14:15	38
14:16	38
14:16	38
14:16	38
14:16	38
14:16	38
14:17	38
14:17	38
14:17	38
14:17	38
14:17	38
14:18	38
14:18	38
14:18	38
14:18	38
14:18	38
14:18	38
14:19	38
14:19	38
14:19	38
14:19	38
14:19	38
14:20	38
14:20	38
14:20	38
14:20	38
14:20	38
14:21	39
14:21	38
14:21	38
14:21	38
14:21	37
14:22	37
14:22	37
14:22	38
14:22	37
14:22	37
14:23	37
14:23	37
14:23	38
14:23	37
14:23	37
14:24	38
14:24	37
14:24	37
14:24	37
14:24	37
14:25	37
14:25	37
14:25	37
14:25	37
14:25	37
14:26	38
14:26	37
14:26	37
14:26	38
14:26	37
14:26	37
14:27	37
14:27	37
14:27	37
14:27	37
14:27	37
14:28	37
14:28	37
14:28	37
14:28	38
14:28	37
14:29	38
14:29	38
14:29	38
14:29	38
14:29	38
14:30	38
14:30	38
14:30	38
14:30	38
14:30	38
14:31	38
14:31	38
14:31	38
14:31	38
14:31	39
14:32	38
14:32	39
14:32	38
14:32	39
14:32	38
14:33	38
14:33	37
14:33	38
14:33	38
14:33	37
14:34	37
14:34	37
14:34	37
14:34	37
14:34	37
14:35	37
14:35	37
14:35	37
14:35	37
14:35	36
14:35	36
14:36	36
14:36	36
14:36	36
14:36	36
14:36	36
14:37	36
14:37	36
14:37	36
14:37	36
14:37	36
14:38	36
14:38	36
14:38	35
14:38	36
14:38	36
14:39	36
14:39	36
14:39	36
14:39	35
14:39	35
14:40	35
14:40	35
14:40	35
14:40	35
14:40	36
14:41	36
14:41	36
14:41	35
14:41	35
14:41	35
14:42	36
14:42	35
14:42	35
14:42	36
14:42	36
14:43	36
14:43	36
14:43	35
14:43	36
14:43	35
14:43	35
14:44	36
14:44	35
14:44	35
14:44	35
14:44	36
14:45	35
14:45	35
14:45	35
14:45	36
14:45	36
14:46	35
14:46	35
14:46	35
14:46	35
14:46	35
14:47	35
14:47	35
14:47	35
14:47	35
14:47	36
14:48	36
14:48	36
14:48	36
14:48	36
14:48	36
14:49	36
14:49	36
14:49	36
14:49	36
14:49	36
14:50	36
14:50	35
14:50	35
14:50	35
14:50	35
14:51	35
14:51	35
14:51	35
14:51	35
14:51	35
14:51	35
14:52	35
14:52	35
14:52	35
14:52	35
14:52	35
14:53	35
14:53	35
14:53	35
14:53	35
14:53	35
14:54	35
14:54	35
14:54	35
14:54	35
14:54	35
14:55	35
14:55	35
14:55	35
14:55	35
14:55	35
14:56	35
14:56	35
14:56	35
14:56	35
14:56	35
14:57	35
14:57	35
14:57	36
14:57	35
14:57	36
14:58	37
14:58	36
14:58	35
14:58	35
14:58	35
14:59	35
14:59	35
14:59	35
14:59	35
14:59	35
15:00	35
15:00	35
15:00	35
15:00	35
15:00	35
15:00	35
15:01	35
15:01	35
15:01	35
15:01	35
15:01	35
15:02	35
15:02	35
15:02	35
15:02	35
15:02	35
15:03	34
15:03	34
15:03	34
15:03	35
15:03	34
15:04	34
15:04	34
15:04	34
15:04	34
15:04	34
15:05	34
15:05	35
15:05	35
15:05	34
15:05	34
15:06	34
15:06	35
15:06	35
15:06	35
15:06	35
15:07	35
15:07	35
15:07	35
15:07	35
15:07	35
15:08	36
15:08	35
15:08	35
15:08	35
15:08	35
15:08	35
15:09	35
15:09	35
15:09	35
15:09	35
15:09	35
15:10	35
15:10	35
15:10	35
15:10	35
15:10	35
15:11	35
15:11	35
15:11	35
15:11	35
15:11	35
15:12	35
15:12	35
15:12	34
15:12	34
15:12	34
15:13	34
15:13	35
15:13	34
15:13	35
15:13	35
15:14	34
15:14	35
15:14	35
15:14	35
15:14	35
15:15	34
15:15	34
15:15	35
15:15	34
15:15	35
15:16	35
15:16	35
15:16	35
15:16	35
15:16	35
15:16	35
15:17	35
15:17	35
15:17	34
15:17	35
15:17	35
15:18	35
15:18	34
15:18	35
15:18	35
15:18	35
15:19	35
15:19	35
15:19	37
15:19	35
15:19	35
15:20	35
15:20	35
15:20	35
15:20	34
15:20	34
15:21	35
15:21	35
15:21	35
15:21	35
15:21	34
15:22	35
15:22	35
15:22	35
15:22	35
15:22	36
15:23	36
15:23	36
15:23	36
15:23	36
15:23	35
15:24	35
15:24	35
15:24	36
15:24	36
15:24	35
15:25	36
15:25	36
15:25	36
15:25	36
15:25	36
15:25	36
15:26	36
15:26	36
15:26	36
15:26	36
15:26	35
15:27	35
15:27	36
15:27	36
15:27	36
15:27	36
15:28	36
15:28	36
15:28	35
15:28	35
15:28	35
15:29	35
15:29	35
15:29	35
15:29	36
15:29	35
15:30	35
15:30	35
15:30	35
15:30	35
15:30	35
15:31	35
15:31	35
15:31	35
15:31	36
15:31	35
15:32	35
15:32	35
15:32	35
15:32	36
15:32	36
15:33	36
15:33	36
15:33	36
15:33	36
15:33	36
15:33	36
15:34	36
15:34	36
15:34	36
15:34	35
15:34	36
15:35	36
15:35	35
15:35	35
15:35	35
15:35	36
15:36	36
15:36	36
15:36	36
15:36	36
15:36	36
15:37	36
15:37	36
15:37	36
15:37	36
15:37	36
15:38	36
15:38	36
15:38	36
15:38	36
15:38	36
15:39	36
15:39	36
15:39	36
15:39	36
15:39	36
15:40	36
15:40	36
15:40	36
15:40	37
15:40	37
15:41	37
15:41	37
15:41	37
15:41	37
15:41	37
15:41	37
15:42	37
15:42	36
15:42	37
15:42	36
15:42	37
15:43	37
15:43	37
15:43	37
15:43	37
15:43	37
15:44	37
15:44	37
15:44	37
15:44	37
15:44	37
15:45	37
15:45	37
15:45	37
15:45	37
15:45	37
15:46	37
15:46	37
15:46	37
15:46	37
15:46	37
15:47	37
15:47	37
15:47	37
15:47	37
15:47	37
15:48	37
15:48	38
15:48	37
15:48	37
15:48	37
15:49	37
15:49	37
15:49	37
15:49	37
15:49	37
15:50	37
15:50	37
15:50	37
15:50	37
15:50	37
15:50	37
15:51	37
15:51	37
15:51	38
15:51	37
15:51	37
15:52	37
15:52	37
15:52	37
15:52	37
15:52	37
15:53	37
15:53	37
15:53	37
15:53	37
15:53	37
15:54	37
15:54	37
15:54	37
15:54	37
15:54	37
15:55	38
15:55	38
15:55	38
15:55	38
15:55	37
15:56	37
15:56	38
15:56	37
15:56	37
15:56	37
15:57	37
15:57	37
15:57	37
15:57	37
15:57	37
15:58	37
15:58	37
15:58	37
15:58	37
15:58	37
15:58	37
15:59	37
15:59	37
15:59	37
15:59	37
15:59	37
16:00	37
16:00	37
16:00	37
16:00	37
16:00	37
16:01	37
16:01	37
16:01	37
16:01	37
16:01	37
16:02	37
16:02	37
16:02	37
16:02	37
16:02	37
16:03	37
16:03	37
16:03	37
16:03	37
16:03	37
16:04	37
16:04	37
16:04	38
16:04	38
16:04	38
16:05	38
16:05	38
16:05	38
16:05	38
16:05	38
16:06	38
16:06	38
16:06	38
16:06	39
16:06	40
16:06	39
16:07	38
16:07	37
16:07	37
16:07	37
16:07	38
16:08	38
16:08	37
16:08	37
16:08	37
16:08	37
16:09	37
16:09	37
16:09	38
16:09	41
16:09	39
16:10	38
16:10	37
16:10	37
16:10	37
16:10	37
16:11	37
16:11	37
16:11	37
16:11	37
16:11	37
16:12	37
16:12	37
16:12	37
16:12	37
16:12	37
16:13	37
16:13	37
16:13	37
16:13	37
16:13	37
16:14	37
16:14	37
16:14	37
16:14	37
16:14	37
16:15	37
16:15	37
16:15	37
16:15	37
16:15	37
16:15	37
16:16	37
16:16	37
16:16	37
16:16	37
16:16	37
16:17	37
16:17	37
16:17	37
16:17	37
16:17	37
16:18	37
16:18	37
16:18	37
16:18	37
16:18	37
16:19	37
16:19	37
16:19	37
16:19	37
16:19	37
16:20	37
16:20	37
16:20	37
16:20	37
16:20	37
16:21	37
16:21	37
16:21	37
16:21	37
16:21	37
16:22	37
16:22	37
16:22	37
16:22	37
16:22	37
16:23	37
16:23	37
16:23	37
16:23	37
16:23	37
16:23	37
16:24	37
16:24	37
16:24	37
16:24	37
16:24	37
16:25	37
16:25	37
16:25	37
16:25	37
16:25	37
16:26	37
16:26	37
16:26	37
16:26	37
16:26	37
16:27	37
16:27	37
16:27	37
16:27	37
16:27	37
16:28	37
16:28	37
16:28	37
16:28	37
16:28	37
16:29	37
16:29	37
16:29	37
16:29	37
16:29	37
16:30	37
16:30	37
16:30	37
16:30	37
16:30	37
16:31	37
16:31	37
16:31	37
16:31	37
16:31	37
16:31	37
16:32	37
16:32	37
16:32	37
16:32	37
16:32	37
16:33	37
16:33	37
16:33	37
16:33	37
16:33	37
16:34	37
16:34	37
16:34	37
16:34	37
16:34	37
16:35	37
16:35	37
16:35	37
16:35	37
16:35	37
16:36	37
16:36	37
16:36	37
16:36	37
16:36	37
16:37	37
16:37	37
16:37	37
16:37	37
16:37	37
16:38	37
16:38	37
16:38	37
16:38	37
16:38	37
16:39	37
16:39	37
16:39	37
16:39	37
16:39	37
16:40	37
16:40	37
16:40	37
16:40	37
16:40	37
16:40	37
16:41	37
16:41	37
16:41	37
16:41	37
16:41	37
16:42	37
16:42	36
16:42	36
16:42	36
16:42	36
16:43	36
16:43	36
16:43	36
16:43	36
16:43	36
16:44	36
16:44	36
16:44	37
16:44	36
16:44	36
16:45	37
16:45	36
16:45	37
16:45	36
16:45	36
16:46	36
16:46	36
16:46	36
16:46	36
16:46	36
16:47	36
16:47	36
16:47	36
16:47	36
16:47	36
16:48	36
16:48	37
16:48	37
16:48	37
16:48	37
16:48	36
16:49	36
16:49	36
16:49	36
16:49	36
16:49	36
16:50	37
16:50	36
16:50	36
16:50	36
16:50	36
16:51	36
16:51	36
16:51	36
16:51	36
16:51	36
16:52	36
16:52	36
16:52	36
16:52	36
16:52	36
16:53	36
16:53	37
16:53	37
16:53	36
16:53	36
16:54	37
16:54	37
16:54	36
16:54	36
16:54	36
16:55	36
16:55	36
16:55	37
16:55	36
16:55	37
16:56	36
16:56	36
16:56	36
16:56	36
16:56	36
16:56	36
16:57	36
16:57	36
16:57	36
16:57	36
16:57	36
16:58	36
16:58	36
16:58	36
16:58	36
16:58	36
16:59	36
16:59	36
16:59	36
16:59	36
16:59	36
17:00	36
17:00	36
17:00	36
17:00	36
17:00	36
17:01	36
17:01	36
17:01	37
17:01	37
17:01	37
17:02	37
17:02	37
17:02	37
17:02	37
17:02	37
17:03	37
17:03	37
17:03	37
17:03	37
17:03	37
17:04	37
17:04	37
17:04	37
17:04	37
17:04	37
17:05	37
17:05	37
17:05	37
17:05	37
17:05	37
17:05	37
17:06	37
17:06	37
17:06	37
17:06	37
17:06	37
17:07	37
17:07	37
17:07	37
17:07	37
17:07	37
17:08	37
17:08	37
17:08	37
17:08	37
17:08	37
17:09	37
17:09	37
17:09	37
17:09	37
17:09	37
17:10	37
17:10	36
17:10	36
17:10	36
17:10	36
17:11	36
17:11	36
17:11	36
17:11	36
17:11	36
17:12	36
17:12	36
17:12	36
17:12	36
17:12	36
17:13	36
17:13	36
17:13	36
17:13	36
17:13	36
17:13	36
17:14	36
17:14	36
17:14	36
17:14	36
17:14	36
17:15	36
17:15	36
17:15	36
17:15	36
17:15	36
17:16	36
17:16	36
17:16	36
17:16	36
17:16	36
17:17	36
17:17	36
17:17	36
17:17	36
17:17	36
17:18	36
17:18	36
17:18	36
17:18	36
17:18	36
17:19	36
17:19	36
17:19	36
17:19	37
17:19	36
17:20	36
17:20	36
17:20	36
17:20	36
17:20	37
17:21	36
17:21	37
17:21	36
17:21	37
17:21	37
17:21	36
17:22	36
17:22	36
17:22	36
17:22	36
17:22	36
17:23	36
17:23	36
17:23	36
17:23	36
17:23	36
17:24	36
17:24	36
17:24	36
17:24	36
17:24	36
17:25	36
17:25	36
17:25	36
17:25	36
17:25	36
17:26	36
17:26	36
17:26	36
17:26	37
17:26	37
17:27	37
17:27	36
17:27	36
17:27	37
17:27	37
17:28	36
17:28	36
17:28	37
17:28	36
17:28	36
17:29	36
17:29	36
17:29	36
17:29	36
17:29	36
17:30	36
17:30	36
17:30	36
17:30	36
17:30	36
17:30	36
17:31	36
17:31	36
17:31	36
17:31	36
17:31	36
17:32	36
17:32	36
17:32	36
17:32	36
17:32	36
17:33	36
17:33	36
17:33	36
17:33	36
17:33	36
17:34	36
17:34	36
17:34	36
17:34	36
17:34	36
17:35	36
17:35	36
17:35	36
17:35	36
17:35	36
17:36	36
17:36	36
17:36	36
17:36	36
17:36	36
17:37	36
17:37	36
17:37	36
17:37	36
17:37	36
17:38	36
17:38	36
17:38	36
17:38	36
17:38	36
17:38	36
17:39	36
17:39	36
17:39	36
17:39	36
17:39	36
17:40	36
17:40	36
17:40	36
17:40	36
17:40	36
17:41	36
17:41	36
17:41	36
17:41	36
17:41	36
17:42	36
17:42	36
17:42	36
17:42	36
17:42	36
17:43	36
17:43	36
17:43	36
17:43	36
17:43	36
17:44	36
17:44	36
17:44	36
17:44	36
17:44	36
17:45	36
17:45	36
17:45	36
17:45	36
17:45	36
17:46	36
17:46	36
17:46	36
17:46	36
17:46	36
17:46	36
17:47	36
17:47	36
17:47	36
17:47	36
17:47	36
17:48	35
17:48	35
17:48	35
17:48	35
17:48	35
17:49	35
17:49	35
17:49	35
17:49	35
17:49	35
17:50	35
17:50	35
17:50	35
17:50	35
17:50	35
17:51	35
17:51	35
17:51	35
17:51	35
17:51	36
17:52	36
17:52	36
17:52	36
17:52	36
17:52	36
17:53	35
17:53	35
17:53	35
17:53	35
17:53	35
17:54	35
17:54	35
17:54	35
17:54	35
17:54	35
17:55	35
17:55	35
17:55	35
17:55	35
17:55	35
17:55	35
17:56	35
17:56	35
17:56	35
17:56	35
17:56	35
17:57	35
17:57	35
17:57	35
17:57	35
17:57	35
17:58	35
17:58	35
17:58	35
17:58	35
17:58	35
17:59	36
17:59	35
17:59	35
17:59	35
17:59	35
18:00	35
18:00	35
18:00	35
18:00	35
18:00	35
18:01	35
18:01	35
18:01	35
18:01	35
18:01	35
18:02	36
18:02	35
18:02	35
18:02	35
18:02	35
18:03	35
18:03	35
18:03	35
18:03	35
18:03	35
18:03	35
18:04	35
18:04	35
18:04	35
18:04	35
18:04	35
18:05	35
18:05	35
18:05	35
18:05	35
18:05	35
18:06	35
18:06	35
18:06	35
18:06	35
18:06	35
18:07	35
18:07	35
18:07	35
18:07	35
18:07	35
18:08	35
18:08	35
18:08	35
18:08	35
18:08	35
18:09	35
18:09	35
18:09	35
18:09	35
18:09	35
18:10	35
18:10	35
18:10	35
18:10	35
18:10	35
18:11	35
18:11	35
18:11	35
18:11	35
18:11	35
18:11	35
18:12	35
18:12	35
18:12	35
18:12	35
18:12	35
18:13	35
18:13	35
18:13	35
18:13	35
18:13	35
18:14	35
18:14	35
18:14	35
18:14	35
18:14	35
18:15	35
18:15	35
18:15	35
18:15	35
18:15	35
18:16	35
18:16	35
18:16	35
18:16	35
18:16	35
18:17	35
18:17	35
18:17	35
18:17	35
18:17	35
18:18	35
18:18	35
18:18	35
18:18	35
18:18	35
18:19	35
18:19	35
18:19	35
18:19	35
18:19	35
18:20	35
18:20	35
18:20	35
18:20	35
18:20	35
18:20	35
18:21	36
18:21	35
18:21	35
18:21	35
18:21	35
18:22	34
18:22	34
18:22	34
18:22	34
18:22	34
18:23	34
18:23	34
18:23	34
18:23	34
18:23	34
18:24	34
18:24	34
18:24	34
18:24	34
18:24	34
18:25	34
18:25	34
18:25	34
18:25	34
18:25	34
18:26	33
18:26	33
18:26	33
18:26	33
18:26	33
18:27	33
18:27	33
18:27	33
18:27	33
18:27	33
18:28	33
18:28	33
18:28	33
18:28	33
18:28	33
18:28	33
18:29	33
18:29	33
18:29	33
18:29	33
18:29	33
18:30	33
18:30	33
18:30	33
18:30	33
18:30	33
18:31	32
18:31	33
18:31	33
18:31	33
18:31	32
18:32	32
18:32	32
18:32	33
18:32	32
18:32	32
18:33	32
18:33	32
18:33	32
18:33	32
18:33	32
18:34	32
18:34	32
18:34	33
18:34	33
18:34	32
18:35	32
18:35	32
18:35	32
18:35	32
18:35	32
18:36	32
18:36	32
18:36	32
18:36	32
18:36	32
18:36	32
18:37	32
18:37	32
18:37	32
18:37	32
18:37	32
18:38	32
18:38	32
18:38	32
18:38	32
18:38	32
18:39	32
18:39	32
18:39	32
18:39	32
18:39	32
18:40	32
18:40	32
18:40	32
18:40	31
18:40	32
18:41	32
18:41	32
18:41	32
18:41	32
18:41	31
18:42	31
18:42	31
18:42	31
18:42	31
18:42	31
18:43	31
18:43	31
18:43	31
18:43	31
18:43	31
18:44	32
18:44	31
18:44	31
18:44	31
18:44	31
18:45	32
18:45	31
18:45	31
18:45	31
18:45	31
18:45	31
18:46	31
18:46	31
18:46	31
18:46	31
18:46	31
18:47	31
18:47	31
18:47	31
18:47	31
18:47	31
18:48	31
18:48	31
18:48	31
18:48	31
18:48	31
18:49	31
18:49	31
18:49	31
18:49	31
18:49	31
18:50	31
18:50	31
18:50	31
18:50	31
18:50	31
18:51	31
18:51	31
18:51	31
18:51	31
18:51	31
18:52	31
18:52	31
18:52	31
18:52	31
18:52	31
18:53	31
18:53	31
18:53	31
18:53	31
18:53	31
18:53	31
18:54	31
18:54	31
18:54	31
18:54	31
18:54	31
18:55	31
18:55	31
18:55	31
18:55	31
18:55	31
18:56	31
18:56	31
18:56	31
18:56	31
18:56	31
18:57	31
18:57	31
18:57	31
18:57	31
18:57	31
18:58	31
18:58	31
18:58	31
18:58	31
18:58	31
18:59	31
18:59	31
18:59	31
18:59	31
18:59	31
19:00	31
19:00	31
19:00	31
19:00	31
19:00	31
19:01	31
19:01	31
19:01	31
19:01	31
19:01	31
19:01	31
19:02	31
19:02	31
19:02	31
19:02	31
19:02	31
19:03	31
19:03	31
19:03	31
19:03	31
19:03	31
19:04	31
19:04	31
19:04	31
19:04	31
19:04	31
19:05	31
19:05	31
19:05	31
19:05	31
19:05	31
19:06	31
19:06	31
19:06	31
19:06	31
19:06	31
19:07	31
19:07	31
19:07	31
19:07	31
19:07	31
19:08	31
19:08	31
19:08	31
19:08	31
19:08	31
19:09	31
19:09	31
19:09	31
19:09	31
19:09	31
19:10	31
19:10	31
19:10	31
19:10	31
19:10	31
19:10	31
19:11	31
19:11	31
19:11	31
19:11	31
19:11	31
19:12	31
19:12	31
19:12	31
19:12	31
19:12	31
19:13	31
19:13	31
19:13	31
19:13	31
19:13	31
19:14	31
19:14	31
19:14	31
19:14	31
19:14	31
19:15	31
19:15	31
19:15	31
19:15	31
19:15	31
19:16	31
19:16	31
19:16	31
19:16	31
19:16	31
19:17	31
19:17	31
19:17	31
19:17	31
19:17	31
19:18	31
19:18	31
19:18	31
19:18	31
19:18	31
19:18	31
19:19	31
19:19	31
19:19	31
19:19	31
19:19	31
19:20	31
19:20	31
19:20	31
19:20	31
19:20	31
19:21	31
19:21	31
19:21	31
19:21	31
19:21	31
19:22	31
19:22	31
19:22	31
19:22	31
19:22	31
19:23	31
19:23	31
19:23	31
19:23	31
19:23	31
19:24	31
19:24	31
19:24	31
19:24	31
19:24	31
19:25	31
19:25	31
19:25	31
19:25	31
19:25	31
19:26	31
19:26	31
19:26	31
19:26	31
19:26	31
19:26	31
19:27	31
19:27	31
19:27	31
19:27	31
19:27	31
19:28	31
19:28	31
19:28	31
19:28	31
19:28	31
19:29	31
19:29	31
19:29	31
19:29	31
19:29	31
19:30	31
19:30	31
19:30	31
19:30	31
19:30	31
19:31	31
19:31	31
19:31	31
19:31	31
19:31	31
19:32	31
19:32	31
19:32	31
19:32	31
19:32	31
19:33	31
19:33	31
19:33	31
19:33	31
19:33	31
19:34	31
19:34	31
19:34	31
19:34	31
19:34	31
19:35	31
19:35	31
19:35	31
19:35	31
19:35	31
19:35	31
19:36	31
19:36	31
19:36	31
19:36	31
19:36	31
19:37	32
19:37	32
19:37	31
19:37	32
19:37	31
19:38	31
19:38	31
19:38	31
19:38	31
19:38	31
19:39	31
19:39	31
19:39	31
19:39	31
19:39	31
19:40	31
19:40	31
19:40	31
19:40	31
19:40	31
19:41	31
19:41	31
19:41	31
19:41	31
19:41	31
19:42	31
19:42	31
19:42	31
19:42	31
19:42	31
19:43	31
19:43	31
19:43	31
19:43	31
19:43	31
19:43	31
19:44	31
19:44	31
19:44	31
19:44	31
19:44	31
19:45	31
19:45	31
19:45	31
19:45	31
19:45	31
19:46	31
19:46	31
19:46	31
19:46	31
19:46	31
19:47	31
19:47	31
19:47	31
19:47	31
19:47	31
19:48	31
19:48	31
19:48	31
19:48	31
19:48	31
19:49	31
19:49	31
19:49	31
19:49	31
19:49	31
19:50	31
19:50	32
19:50	31
19:50	31
19:50	31
19:51	31
19:51	31
19:51	31
19:51	31
19:51	31
19:51	31
19:52	31
19:52	32
19:52	31
19:52	31
19:52	31
19:53	31
19:53	31
19:53	31
19:53	31
19:53	31
19:54	31
19:54	31
19:54	31
19:54	31
19:54	31
19:55	31
19:55	31
19:55	31
19:55	31
19:55	31
19:56	31
19:56	31
19:56	31
19:56	31
19:56	31
19:57	31
19:57	31
19:57	31
19:57	31
19:57	31
19:58	31
19:58	31
19:58	31
19:58	31
19:58	31
19:59	31
19:59	31
19:59	31
19:59	31
19:59	31
20:00	31
20:00	31
20:00	31
20:00	31
20:00	31
20:00	31
20:01	31
20:01	31
20:01	31
20:01	31
20:01	31
20:02	31
20:02	31
20:02	31
20:02	31
20:02	32
20:03	32
20:03	32
20:03	32
20:03	31
20:03	31
20:04	31
20:04	31
20:04	31
20:04	31
20:04	31
20:05	31
20:05	31
20:05	31
20:05	31
20:05	31
20:06	31
20:06	31
20:06	31
20:06	31
20:06	32
20:07	31
20:07	31
20:07	31
20:07	31
20:07	31
20:08	32
20:08	32
20:08	31
20:08	31
20:08	32
20:08	31
20:09	31
20:09	32
20:09	32
20:09	32
20:09	32
20:10	32
20:10	32
20:10	32
20:10	32
20:10	32
20:11	32
20:11	32
20:11	32
20:11	32
20:11	32
20:12	32
20:12	32
20:12	32
20:12	32
20:12	32
20:13	32
20:13	32
20:13	32
20:13	32
20:13	32
20:14	32
20:14	32
20:14	33
20:14	33
20:14	33
20:15	32
20:15	32
20:15	32
20:15	32
20:15	32
20:16	32
20:16	32
20:16	32
20:16	32
20:16	32
20:16	32
20:17	32
20:17	32
20:17	32
20:17	32
20:17	32
20:18	32
20:18	32
20:18	32
20:18	32
20:18	32
20:19	32
20:19	32
20:19	32
20:19	33
20:19	33
20:20	32
20:20	32
20:20	33
20:20	33
20:20	32
20:21	32
20:21	32
20:21	33
20:21	32
20:21	33
20:22	32
20:22	32
20:22	32
20:22	32
20:22	32
20:23	32
20:23	32
20:23	32
20:23	32
20:23	32
20:24	32
20:24	32
20:24	32
20:24	32
20:24	32
20:25	32
20:25	32
20:25	32
20:25	32
20:25	32
20:25	32
20:26	33
20:26	32
20:26	32
20:26	32
20:26	32
20:27	32
20:27	31
20:27	31
20:27	31
20:27	32
20:28	32
20:28	32
20:28	32
20:28	32
20:28	32
20:29	32
20:29	31
20:29	31
20:29	32
20:29	32
20:30	32
20:30	31
20:30	31
20:30	31
20:30	32
20:31	32
20:31	32
20:31	32
20:31	32
20:31	32
20:32	32
20:32	32
20:32	33
20:32	32
20:32	32
20:33	32
20:33	32
20:33	32
20:33	32
20:33	32
20:33	32
20:34	32
20:34	32
20:34	32
20:34	32
20:34	32
20:35	32
20:35	33
20:35	33
20:35	34
20:35	33
20:36	33
20:36	33
20:36	33
20:36	32
20:36	32
20:37	33
20:37	33
20:37	33
20:37	32
20:37	33
20:38	33
20:38	33
20:38	33
20:38	33
20:38	33
20:39	33
20:39	33
20:39	33
20:39	33
20:39	33
20:40	33
20:40	33
20:40	33
20:40	33
20:40	33
20:41	33
20:41	33
20:41	32
20:41	33
20:41	33
20:41	33
20:42	33
20:42	33
20:42	33
20:42	33
20:42	33
20:43	33
20:43	33
20:43	34
20:43	33
20:43	33
20:44	33
20:44	34
20:44	33
20:44	33
20:44	33
20:45	33
20:45	33
20:45	34
20:45	34
20:45	34
20:46	34
20:46	33
20:46	33
20:46	33
20:46	33
20:47	33
20:47	34
20:47	34
20:47	33
20:47	34
20:48	34
20:48	34
20:48	34
20:48	34
20:48	34
20:49	34
20:49	34
20:49	33
20:49	34
20:49	34
20:50	34
20:50	34
20:50	33
20:50	34
20:50	34
20:50	34
20:51	34
20:51	33
20:51	33
20:51	34
20:51	34
20:52	34
20:52	34
20:52	33
20:52	33
20:52	34
20:53	34
20:53	34
20:53	34
20:53	34
20:53	34
20:54	34
20:54	34
20:54	34
20:54	34
20:54	34
20:55	34
20:55	34
20:55	34
20:55	34
20:55	34
20:56	34
20:56	34
20:56	34
20:56	34
20:56	34
20:57	34
20:57	34
20:57	34
20:57	34
20:57	34
20:58	34
20:58	34
20:58	34
20:58	34
20:58	34
20:58	34
20:59	34
20:59	34
20:59	35
20:59	34
20:59	34
21:00	34
21:00	34
21:00	34
21:00	34
21:00	34
21:01	34
21:01	34
21:01	34
21:01	34
21:01	34
21:02	34
21:02	34
21:02	34
21:02	34
21:02	34
21:03	35
21:03	34
21:03	34
21:03	34
21:03	34
21:04	34
21:04	33
21:04	34
21:04	34
21:04	33
21:05	33
21:05	34
21:05	34
21:05	34
21:05	34
21:06	34
