time	Light
02:18	20
02:18	19
02:19	18
02:19	19
02:19	19
02:19	19
02:19	19
02:20	19
02:20	17
02:20	20
02:20	19
02:20	18
02:21	19
02:21	20
02:21	20
02:21	20
02:21	19
02:22	20
02:22	19
02:22	19
02:22	18
02:22	20
02:22	19
02:23	21
02:23	20
02:23	19
02:23	20
02:23	19
02:24	19
02:24	20
02:24	18
02:24	21
02:24	17
02:25	20
02:25	17
02:25	19
02:25	19
02:25	17
02:26	18
02:26	17
02:26	18
02:26	18
02:26	19
02:27	19
02:27	19
02:27	17
02:27	18
02:27	19
02:28	19
02:28	20
02:28	18
02:28	18
02:28	19
02:29	17
02:29	18
02:29	19
02:29	19
02:29	18
02:30	19
02:30	19
02:30	20
02:30	20
02:30	21
02:30	20
02:31	19
02:31	20
02:31	19
02:31	19
02:31	20
02:32	19
02:32	19
02:32	22
02:32	20
02:32	19
02:33	19
02:33	21
02:33	20
02:55	19
02:55	20
02:55	18
02:55	24
02:55	17
02:56	18
02:56	18
02:56	20
02:56	18
02:56	19
02:56	14
02:57	17
02:57	20
02:57	18
02:57	18
02:57	20
02:58	19
02:58	21
02:58	21
02:58	20
02:58	18
03:00	18
03:00	23
03:01	1
03:01	1
03:01	1
03:01	0
03:01	0
03:02	1
03:02	0
03:02	1
03:02	1
03:02	1
03:03	0
03:03	1
03:03	1
03:03	0
03:03	3
03:04	1
03:04	1
03:04	1
03:04	0
03:04	7
03:05	1
03:05	0
03:05	2
03:05	0
03:05	0
03:06	1
03:06	0
03:06	2
03:06	0
03:06	1
03:07	0
03:07	1
03:07	1
03:07	0
03:07	0
03:08	1
03:08	0
03:08	0
03:08	0
03:08	1
03:08	1
03:09	1
03:09	1
03:09	1
03:09	0
03:09	1
03:10	1
03:10	1
03:10	0
03:10	0
03:10	0
03:11	1
03:11	1
03:11	1
03:11	3
03:11	1
03:12	1
03:12	1
03:12	1
03:12	1
03:12	1
03:13	2
03:13	1
03:13	0
03:13	2
03:13	1
03:14	2
03:14	1
03:14	1
03:14	2
03:14	2
03:15	1
03:15	1
03:15	0
03:15	0
03:15	0
03:16	0
03:16	0
03:16	1
03:16	3
03:16	0
03:16	0
03:17	1
03:17	1
03:17	1
03:17	1
03:17	1
03:18	2
03:18	4
03:18	1
03:18	3
03:18	1
03:19	1
03:19	1
03:19	1
03:19	1
03:19	1
03:20	1
03:20	0
03:20	1
03:20	0
03:20	1
03:21	1
03:21	1
03:21	1
03:21	4
03:21	2
03:22	1
03:22	1
03:22	1
03:22	0
03:22	1
03:23	5
03:23	0
03:23	0
03:23	0
03:23	1
03:24	1
03:24	2
03:24	0
03:24	1
03:24	2
03:24	0
03:25	0
03:25	0
03:25	1
03:25	2
03:25	1
03:26	2
03:26	1
03:26	1
03:26	1
03:26	4
03:27	1
03:27	1
03:27	1
03:27	1
03:27	1
03:28	2
03:28	1
03:28	1
03:28	2
03:28	1
03:29	1
03:29	1
03:29	1
03:29	3
03:29	2
03:30	1
03:30	0
03:30	0
03:30	0
03:30	1
03:31	0
03:31	4
03:31	1
03:31	2
03:31	3
03:32	1
03:32	1
03:32	1
03:55	13
03:55	12
03:55	14
03:56	14
03:56	10
03:56	12
03:56	11
03:56	2
03:57	2
03:57	0
03:57	2
03:57	0
03:57	1
03:58	0
03:58	0
03:58	1
03:58	0
03:58	0
03:59	0
03:59	1
03:59	1
03:59	1
03:59	0
04:00	0
04:00	1
04:00	1
04:00	1
04:00	1
04:01	1
04:01	1
04:01	2
04:01	1
04:01	1
04:01	1
04:02	1
04:02	1
04:02	3
04:02	0
04:02	0
04:03	1
04:03	0
04:03	0
04:03	3
04:03	1
04:04	1
04:04	0
04:04	5
04:04	1
04:04	0
04:05	0
04:05	0
04:05	1
04:05	0
04:05	1
04:06	0
04:06	0
04:06	0
04:06	1
04:06	1
04:07	3
04:07	0
04:07	1
04:07	0
04:07	3
04:08	0
04:08	0
04:08	0
04:08	0
04:08	0
04:09	0
04:09	0
04:09	0
04:09	1
04:09	0
04:09	0
04:10	1
04:10	1
04:10	0
04:10	0
04:10	1
04:11	1
04:11	7
04:11	5
04:11	1
04:11	0
04:12	0
04:12	1
04:12	0
04:12	0
04:12	0
04:13	0
04:13	1
04:13	0
04:13	0
04:13	0
04:14	0
04:14	0
04:14	1
04:14	0
04:14	1
04:15	1
04:15	0
04:15	0
04:15	0
04:15	0
04:16	0
04:16	0
04:16	1
04:16	0
04:16	1
04:17	2
04:17	2
04:17	1
04:17	0
04:17	1
04:17	0
04:18	1
04:18	2
04:18	0
04:18	1
04:18	1
04:19	2
04:19	0
04:19	4
04:19	0
04:19	3
04:20	0
04:20	0
04:20	0
04:20	0
04:20	1
04:21	0
04:21	1
04:21	1
04:21	1
04:21	0
04:22	1
04:22	0
04:22	0
04:22	0
04:22	0
04:23	0
04:23	0
04:23	0
04:23	0
04:23	0
04:24	0
04:24	1
04:24	0
04:24	2
04:24	1
04:25	0
04:25	1
04:25	1
04:25	1
04:25	1
04:26	2
04:26	0
04:26	0
04:26	2
04:26	1
04:26	0
04:27	3
04:27	0
04:27	0
04:27	1
04:27	5
04:28	0
04:28	0
04:28	0
04:28	1
04:28	0
04:29	1
04:29	0
04:29	3
04:29	0
04:29	1
04:30	0
04:30	0
04:30	0
04:30	0
04:30	4
04:31	0
04:31	4
04:31	0
04:31	0
04:31	0
04:32	0
04:32	0
04:32	0
04:32	4
04:32	1
04:33	0
04:33	0
04:33	1
04:33	1
04:33	1
04:34	3
04:34	1
04:34	1
04:34	1
04:34	0
04:34	0
04:35	0
04:35	0
04:35	0
04:35	1
04:35	0
04:36	0
04:36	1
04:36	1
04:36	0
04:36	0
04:37	0
04:37	1
04:37	0
04:37	0
04:37	0
04:38	2
04:38	1
04:38	1
04:38	4
04:38	0
04:39	2
04:39	0
04:39	1
04:39	2
04:39	0
04:40	1
04:40	1
04:40	0
04:40	1
04:40	1
04:41	1
04:41	0
04:41	1
04:41	0
04:41	1
04:42	0
04:42	1
04:42	0
04:42	1
04:42	3
04:42	1
04:43	0
04:43	1
04:43	1
04:43	1
04:43	2
04:44	0
04:44	1
04:44	1
04:44	0
04:44	2
04:45	0
04:45	2
04:45	1
04:45	2
04:45	1
04:46	1
04:46	1
04:46	0
04:46	1
04:46	1
04:47	1
04:47	1
04:47	0
04:47	0
04:47	1
04:48	0
04:48	0
04:48	1
04:48	1
04:48	0
04:49	1
04:49	1
04:49	0
04:49	0
04:49	1
04:50	1
04:50	1
04:50	1
04:50	0
04:50	0
04:51	1
04:51	0
04:51	1
04:51	0
04:51	0
04:51	4
04:52	0
04:52	0
04:52	0
04:52	1
04:52	0
04:53	3
04:53	0
04:53	0
04:53	0
04:53	0
04:54	0
04:54	0
04:54	1
04:54	1
04:54	0
04:55	0
04:55	0
04:55	0
04:55	1
04:55	0
04:56	2
04:56	0
04:56	1
04:56	1
04:56	1
04:57	0
04:57	1
04:57	0
04:57	3
04:57	0
04:58	0
04:58	0
04:58	0
04:58	0
04:58	0
04:59	0
04:59	2
04:59	0
04:59	3
04:59	1
04:59	1
05:00	1
05:00	0
05:00	1
05:00	3
05:00	0
05:01	4
05:01	1
05:01	0
05:01	0
05:01	0
05:02	0
05:02	0
05:02	0
05:02	4
05:02	1
05:03	1
05:03	1
05:03	0
05:03	0
05:03	0
05:04	1
05:04	3
05:04	1
05:04	0
05:04	0
05:05	1
05:05	1
05:05	1
05:05	0
05:05	1
05:06	0
05:06	0
05:06	1
05:06	0
05:06	1
05:07	0
05:07	0
05:07	1
05:07	1
05:07	0
05:07	1
05:08	1
05:08	1
05:08	0
05:08	1
05:08	0
05:09	1
05:09	1
05:09	1
05:09	0
05:09	0
05:10	1
05:10	1
05:10	1
05:10	1
05:10	1
05:11	0
05:11	0
05:11	0
05:11	1
05:11	0
05:12	1
05:12	0
05:12	0
05:12	0
05:12	1
05:13	1
05:13	2
05:13	0
05:13	2
05:13	0
05:14	1
05:14	1
05:14	0
05:14	0
05:14	2
05:15	1
05:15	0
05:15	0
05:15	0
05:15	1
05:16	0
05:16	0
05:16	0
05:16	0
05:16	1
05:16	1
05:17	1
05:17	0
05:17	0
05:17	1
05:17	0
05:18	1
05:18	1
05:18	2
05:18	0
05:18	0
05:19	0
05:19	0
05:19	3
05:19	3
05:19	0
05:20	0
05:20	0
05:20	9
05:20	1
05:20	1
05:21	0
05:21	0
05:21	1
05:21	4
05:21	0
05:22	0
05:22	0
05:22	0
05:22	0
05:22	1
05:23	0
05:23	1
05:23	2
05:23	0
05:23	0
05:24	1
05:24	1
05:24	0
05:24	0
05:24	0
05:24	2
05:25	1
05:25	1
05:25	0
05:25	1
05:25	2
05:26	0
05:26	1
05:26	0
05:26	1
05:26	0
05:27	0
05:27	0
05:27	1
05:27	3
05:27	1
05:28	1
05:28	1
05:28	0
05:28	1
05:28	0
05:29	1
05:29	2
05:29	0
05:29	2
05:29	0
05:30	0
05:30	0
05:30	0
05:30	0
05:30	0
05:31	1
05:31	0
05:31	1
05:31	0
05:31	1
05:32	2
05:32	0
05:32	0
05:32	0
05:32	0
05:32	0
05:33	0
05:33	0
05:33	1
05:33	1
05:33	0
05:34	0
05:34	0
05:34	0
05:34	1
05:34	1
05:35	1
05:35	0
05:35	3
05:35	0
05:35	0
05:36	1
05:36	1
05:36	1
05:36	0
05:36	1
05:37	0
05:37	1
05:37	1
05:37	1
05:37	0
05:38	1
05:38	1
05:38	0
05:38	1
05:38	1
05:39	0
05:39	9
05:39	2
05:39	1
05:39	0
05:40	1
05:40	0
05:40	2
05:40	0
05:40	0
05:41	0
05:41	0
05:41	0
05:41	0
05:41	0
05:41	0
05:42	0
05:42	0
05:42	1
05:42	1
05:42	0
05:43	1
05:43	0
05:43	0
05:43	1
05:43	0
05:44	0
05:44	0
05:44	0
05:44	0
05:44	1
05:45	0
05:45	2
05:45	0
05:45	2
05:45	1
05:46	2
05:46	1
05:46	0
05:46	1
05:46	0
05:47	1
05:47	0
05:47	1
05:47	0
05:47	1
05:48	0
05:48	1
05:48	0
05:48	1
05:48	0
05:49	0
05:49	0
05:49	0
05:49	1
05:49	2
05:49	2
05:50	1
05:50	2
05:50	0
05:50	0
05:50	0
05:51	0
05:51	1
05:51	0
05:51	1
05:51	2
05:52	1
05:52	1
05:52	0
05:52	0
05:52	1
05:53	1
05:53	0
05:53	0
05:53	1
05:53	0
05:54	0
05:54	2
05:54	0
05:54	1
05:54	0
05:55	0
05:55	0
05:55	0
05:55	1
05:55	1
05:56	7
05:56	2
05:56	0
05:56	1
05:56	1
05:57	0
05:57	0
05:57	1
05:57	4
05:57	0
05:57	0
05:58	0
05:58	1
05:58	1
05:58	0
05:58	3
05:59	0
05:59	0
05:59	0
05:59	1
05:59	0
06:00	0
06:00	1
06:00	1
06:00	0
06:00	1
06:01	7
06:01	1
06:01	0
06:01	0
06:01	1
06:02	0
06:02	0
06:02	1
06:02	9
06:02	0
06:03	0
06:03	0
06:03	1
06:03	1
06:03	0
06:04	0
06:04	1
06:04	2
06:04	1
06:04	0
06:05	0
06:05	0
06:05	0
06:05	1
06:05	0
06:06	1
06:06	0
06:06	1
06:06	1
06:06	0
06:06	0
06:07	0
06:07	0
06:07	0
06:07	0
06:07	0
06:08	0
06:08	1
06:08	1
06:08	3
06:08	1
06:09	1
06:09	0
06:09	0
06:09	0
06:09	1
06:10	1
06:10	0
06:10	2
06:10	1
06:10	0
06:11	0
06:11	3
06:11	0
06:11	0
06:11	1
06:12	0
06:12	1
06:12	1
06:12	1
06:12	0
06:13	0
06:13	0
06:13	0
06:13	0
06:13	1
06:14	0
06:14	0
06:14	1
06:14	0
06:14	0
06:14	1
06:15	0
06:15	0
06:15	1
06:15	0
06:15	1
06:16	0
06:16	2
06:16	5
06:16	0
06:16	0
06:17	1
06:17	6
06:17	0
06:17	1
06:17	0
06:18	0
06:18	0
06:18	0
06:18	1
06:18	0
06:19	0
06:19	0
06:19	0
06:19	0
06:19	1
06:20	0
06:20	0
06:20	4
06:20	0
06:20	0
06:21	0
06:21	0
06:21	0
06:21	2
06:21	0
06:22	1
06:22	0
06:22	0
06:22	0
06:22	1
06:23	0
06:23	0
06:23	0
06:23	0
06:23	0
06:23	1
06:24	0
06:24	1
06:24	1
06:24	1
06:24	0
06:25	1
06:25	0
06:25	1
06:25	0
06:25	2
06:26	2
06:26	0
06:26	2
06:26	0
06:26	2
06:27	1
06:27	0
06:27	1
06:27	6
06:27	1
06:28	1
06:28	0
06:28	0
06:28	0
06:28	0
06:29	0
06:29	1
06:29	0
06:29	0
06:29	0
06:30	0
06:30	1
06:30	1
06:30	1
06:30	0
06:31	1
06:31	1
06:31	1
06:31	1
06:31	1
06:31	0
06:32	0
06:32	1
06:32	1
06:32	0
06:32	0
06:33	2
06:33	0
06:33	0
06:33	1
06:33	10
06:34	1
06:34	0
06:34	0
06:34	1
06:34	1
06:35	1
06:35	0
06:35	1
06:35	0
06:35	10
06:36	0
06:36	0
06:36	0
06:36	0
06:36	0
06:37	1
06:37	1
06:37	1
06:37	0
06:37	0
06:38	0
06:38	0
06:38	1
06:38	1
06:38	1
06:39	1
06:39	1
06:39	0
06:39	0
06:39	1
06:39	0
06:40	0
06:40	1
06:40	1
06:40	0
06:40	1
06:41	1
06:41	0
06:41	0
06:41	1
06:41	0
06:42	1
06:42	0
06:42	1
06:42	0
06:42	0
06:43	1
06:43	0
06:43	1
06:43	3
06:43	0
06:44	2
06:44	0
06:44	1
06:44	1
06:44	0
06:45	0
06:45	1
06:45	1
06:45	1
06:45	0
06:46	0
06:46	1
06:46	1
06:46	1
06:46	0
06:47	0
06:47	0
06:47	0
06:47	0
06:47	2
06:48	1
06:48	0
06:48	0
06:48	0
06:48	1
06:48	1
06:49	1
06:49	1
06:49	2
06:49	1
06:49	0
06:50	0
06:50	1
06:50	0
06:50	0
06:50	3
06:51	0
06:51	0
06:51	1
06:51	0
06:51	0
06:52	1
06:52	1
06:52	1
06:52	1
06:52	1
06:53	1
06:53	0
06:53	1
06:53	1
06:53	0
06:54	1
06:54	0
06:54	3
06:54	1
06:54	2
06:55	2
06:55	0
06:55	1
06:55	1
06:55	0
06:56	0
06:56	0
06:56	1
06:56	1
06:56	1
06:56	3
06:57	0
06:57	0
06:57	0
06:57	1
06:57	1
06:58	1
06:58	3
06:58	1
06:58	1
06:58	1
06:59	1
06:59	1
06:59	0
06:59	1
06:59	0
07:00	0
07:00	0
07:00	2
07:00	0
07:00	1
07:01	3
07:01	1
07:01	0
07:01	1
07:01	1
07:02	0
07:02	1
07:02	1
07:02	1
07:02	1
07:03	1
07:03	2
07:03	2
07:03	0
07:03	0
07:04	1
07:04	0
07:04	1
07:04	1
07:04	2
07:04	0
07:05	2
07:05	0
07:05	1
07:05	1
07:05	6
07:06	2
07:06	0
07:06	0
07:06	1
07:06	1
07:07	1
07:07	1
07:07	1
07:07	0
07:07	0
07:08	1
07:08	1
07:08	0
07:08	1
07:08	0
07:09	0
07:09	0
07:09	0
07:09	1
07:09	1
07:10	0
07:10	0
07:10	1
07:10	1
07:10	1
07:11	2
07:11	1
07:11	0
07:11	1
07:11	0
07:12	2
07:12	1
07:12	0
07:12	1
07:12	1
07:13	0
07:13	1
07:13	0
07:13	1
07:13	1
07:13	1
07:14	0
07:14	0
07:14	1
07:14	2
07:14	3
07:15	1
07:15	0
07:15	0
07:15	1
07:15	0
07:16	1
07:16	0
07:16	1
07:16	1
07:16	1
07:17	1
07:17	2
07:17	1
07:17	2
07:17	1
07:18	0
07:18	2
07:18	4
07:18	0
07:18	7
07:19	1
07:19	6
07:19	1
07:19	1
07:19	1
07:20	1
07:20	1
07:20	0
07:20	1
07:20	5
07:21	0
07:21	4
07:21	0
07:21	0
07:21	1
07:21	1
07:22	2
07:22	0
07:22	1
07:22	0
07:22	2
07:23	1
07:23	0
07:23	1
07:23	1
07:23	1
07:24	0
07:24	0
07:24	0
07:24	0
07:24	0
07:25	1
07:25	1
07:25	1
07:25	0
07:25	2
07:26	0
07:26	1
07:26	0
07:26	1
07:26	1
07:27	0
07:27	2
07:27	2
07:27	0
07:27	1
07:28	2
07:28	0
07:28	1
07:28	1
07:28	1
07:29	0
07:29	1
07:29	1
07:29	3
07:29	1
07:29	1
07:30	1
07:30	2
07:30	0
07:30	1
07:30	0
07:31	0
07:31	0
07:31	0
07:31	1
07:31	0
07:32	0
07:32	1
07:32	0
07:32	2
07:32	1
07:33	2
07:33	0
07:33	0
07:33	8
07:33	1
07:34	1
07:34	0
07:34	1
07:34	0
07:34	0
07:35	0
07:35	0
07:35	2
07:35	1
07:35	3
07:36	1
07:36	0
07:36	0
07:36	2
07:36	1
07:37	1
07:37	1
07:37	1
07:37	1
07:37	2
07:37	0
07:38	1
07:38	0
07:38	1
07:38	0
07:38	1
07:39	0
07:39	1
07:39	0
07:39	0
07:39	1
07:40	0
07:40	2
07:40	1
07:40	0
07:40	0
07:41	2
07:41	1
07:41	1
07:41	0
07:41	1
07:42	1
07:42	0
07:42	2
07:42	1
07:42	1
07:43	0
07:43	2
07:43	1
07:43	2
07:43	1
07:44	0
07:44	2
07:44	0
07:44	1
07:44	1
07:45	1
07:45	1
07:45	0
07:45	1
07:45	1
07:46	1
07:46	0
07:46	1
07:46	1
07:46	1
07:46	0
07:47	1
07:47	1
07:47	2
07:47	1
07:47	1
07:48	1
07:48	1
07:48	1
07:48	1
07:48	0
07:49	1
07:49	1
07:49	0
07:49	1
07:49	1
07:50	1
07:50	3
07:50	1
07:50	1
07:50	1
07:51	0
07:51	1
07:51	1
07:51	0
07:51	1
07:52	1
07:52	1
07:52	0
07:52	2
07:52	2
07:53	1
07:53	2
07:53	1
07:53	1
07:53	2
07:54	1
07:54	1
07:54	2
07:54	1
07:54	1
07:54	1
07:55	1
07:55	0
07:55	2
07:55	0
07:55	2
07:56	1
07:56	2
07:56	1
07:56	2
07:56	1
07:57	2
07:57	2
07:57	2
07:57	1
07:57	0
07:58	0
07:58	1
07:58	4
07:58	1
07:58	2
07:59	2
07:59	2
07:59	1
07:59	0
07:59	1
08:00	1
08:00	1
08:00	1
08:00	2
08:00	2
08:01	2
08:01	0
08:01	2
08:01	1
08:01	2
08:02	0
08:02	2
08:02	2
08:02	2
08:02	2
08:02	0
08:03	2
08:03	1
08:03	2
08:03	3
08:03	1
08:04	2
08:04	2
08:04	2
08:04	1
08:04	2
08:05	2
08:05	2
08:05	2
08:05	2
08:05	2
08:06	0
08:06	2
08:06	1
08:06	2
08:06	1
08:07	1
08:07	2
08:07	1
08:07	2
08:07	1
08:08	0
08:08	1
08:08	2
08:08	2
08:08	2
08:09	2
08:09	2
08:09	4
08:09	0
08:09	2
08:10	1
08:10	2
08:10	2
08:10	2
08:10	2
08:11	2
08:11	1
08:11	1
08:11	2
08:11	1
08:11	1
08:12	0
08:12	1
08:12	2
08:12	2
08:12	2
08:13	2
08:13	3
08:13	2
08:13	2
08:13	2
08:14	1
08:14	2
08:14	2
08:14	1
08:14	1
08:15	1
08:15	1
08:15	1
08:15	1
08:15	1
08:16	1
08:16	2
08:16	1
08:16	1
08:16	2
08:17	1
08:17	1
08:17	2
08:17	2
08:17	0
08:18	0
08:18	3
08:18	1
08:18	2
08:18	2
08:19	2
08:19	2
08:19	2
08:19	2
08:19	1
08:19	0
08:20	2
08:20	2
08:20	2
08:20	5
08:20	1
08:21	1
08:21	2
08:21	1
08:21	2
08:21	2
08:22	2
08:22	1
08:22	1
08:22	1
08:22	1
08:23	1
08:23	0
08:23	1
08:23	1
08:23	3
08:24	2
08:24	0
08:24	1
08:24	2
08:24	2
08:25	1
08:25	2
08:25	0
08:25	2
08:25	1
08:26	1
08:26	2
08:26	1
08:26	1
08:26	2
08:27	1
08:27	1
08:27	1
08:27	2
08:27	2
08:28	2
08:28	2
08:28	1
08:28	1
08:28	0
08:28	1
08:29	2
08:29	2
08:29	1
08:29	4
08:29	2
08:30	0
08:30	2
08:30	2
08:30	1
08:30	3
08:31	1
08:31	1
08:31	1
08:31	1
08:31	2
08:32	0
08:32	1
08:32	1
08:32	1
08:32	0
08:33	2
08:33	3
08:33	1
08:33	1
08:33	1
08:34	0
08:34	1
08:34	4
08:34	2
08:34	1
08:35	1
08:35	2
08:35	2
08:35	0
08:35	1
08:36	0
08:36	2
08:36	1
08:36	2
08:36	1
08:36	1
08:37	1
08:37	2
08:37	1
08:37	2
08:37	0
08:38	2
08:38	1
08:38	1
08:38	1
08:38	2
08:39	1
08:39	1
08:39	1
08:39	2
08:39	2
08:40	1
08:40	1
08:40	1
08:40	2
08:40	1
08:41	1
08:41	2
08:41	2
08:41	2
08:41	2
08:42	2
08:42	1
08:42	1
08:42	1
08:42	1
08:43	1
08:43	2
08:43	1
08:43	2
08:43	1
08:44	2
08:44	1
08:44	2
08:44	3
08:44	1
08:44	2
08:45	1
08:45	1
08:45	0
08:45	1
08:45	2
08:46	4
08:46	0
08:46	1
08:46	1
08:46	0
08:47	2
08:47	2
08:47	2
08:47	1
08:47	2
08:48	1
08:48	1
08:48	0
08:48	0
08:48	1
08:49	2
08:49	1
08:49	1
08:49	1
08:49	0
08:50	2
08:50	2
08:50	1
08:50	2
08:50	1
08:51	2
08:51	1
08:51	0
08:51	1
08:51	2
08:52	2
08:52	0
08:52	1
08:52	0
08:52	1
08:52	2
08:53	2
08:53	1
08:53	1
08:53	0
08:53	1
08:54	3
08:54	2
08:54	1
08:54	1
08:54	2
08:55	1
08:55	2
08:55	2
08:55	1
08:55	2
08:56	2
08:56	2
08:56	1
08:56	1
08:56	1
08:57	1
08:57	1
08:57	2
08:57	1
08:57	1
08:58	1
08:58	1
08:58	2
08:58	2
08:58	2
08:59	0
08:59	1
08:59	2
08:59	2
08:59	1
09:00	0
09:00	1
09:00	3
09:00	2
09:00	2
09:01	2
09:01	1
09:01	2
09:01	2
09:01	2
09:01	2
09:02	2
09:02	2
09:02	1
09:02	2
09:02	1
09:03	2
09:03	2
09:03	0
09:03	1
09:03	1
09:04	1
09:04	1
09:04	1
09:04	0
09:04	2
09:05	2
09:05	2
09:05	0
09:05	2
09:05	1
09:06	1
09:06	2
09:06	2
09:06	2
09:06	2
09:07	0
09:07	2
09:07	0
09:07	1
09:07	1
09:08	2
09:08	1
09:08	1
09:08	1
09:08	2
09:09	0
09:09	2
09:09	0
09:09	2
09:09	1
09:09	3
09:10	2
09:10	2
09:10	2
09:10	1
09:10	1
09:11	2
09:11	1
09:11	1
09:11	1
09:11	1
09:12	2
09:12	2
09:12	0
09:12	1
09:12	0
09:13	1
09:13	2
09:13	0
09:13	1
09:13	1
09:14	2
09:14	1
09:14	2
09:14	1
09:14	2
09:15	1
09:15	2
09:15	1
09:15	1
09:15	2
09:16	0
09:16	2
09:16	1
09:16	1
09:16	2
09:17	2
09:17	2
09:17	2
09:17	2
09:17	2
09:17	3
09:18	2
09:18	2
09:18	1
09:18	2
09:18	1
09:19	0
09:19	1
09:19	1
09:19	1
09:19	2
09:20	2
09:20	2
09:20	1
09:20	2
09:20	1
09:21	2
09:21	0
09:21	2
09:21	1
09:21	1
09:22	2
09:22	2
09:22	2
09:22	1
09:22	1
09:23	1
09:23	1
09:23	2
09:23	2
09:23	1
09:24	1
09:24	1
09:24	1
09:24	2
09:24	1
09:25	2
09:25	1
09:25	0
09:25	2
09:25	2
09:26	1
09:26	1
09:26	1
09:26	2
09:26	1
09:26	1
09:27	2
09:27	2
09:27	1
09:27	0
09:27	2
09:28	2
09:28	1
09:28	1
09:28	1
09:28	0
09:29	2
09:29	1
09:29	2
09:29	1
09:29	0
09:30	1
09:30	4
09:30	1
09:30	2
09:30	1
09:31	1
09:31	1
09:31	2
09:31	2
09:31	2
09:32	1
09:32	2
09:32	1
09:32	1
09:32	1
09:33	2
09:33	2
09:33	2
09:33	2
09:33	1
09:34	1
09:34	3
09:34	1
09:34	0
09:34	1
09:34	3
09:35	2
09:35	0
09:35	1
09:35	0
09:35	2
09:36	2
09:36	1
09:36	3
09:36	2
09:36	2
09:37	0
09:37	1
09:37	2
09:37	1
09:37	1
09:38	1
09:38	2
09:38	1
09:38	0
09:38	1
09:39	2
09:39	1
09:39	1
09:39	1
09:39	0
09:40	2
09:40	1
09:40	3
09:40	1
09:40	1
09:41	2
09:41	1
09:41	1
09:41	1
09:41	2
09:42	2
09:42	1
09:42	1
09:42	1
09:42	1
09:43	1
09:43	1
09:43	2
09:43	3
09:43	2
09:43	3
09:44	1
09:44	3
09:44	0
09:44	1
09:44	1
09:45	1
09:45	1
09:45	1
09:45	1
09:45	1
09:46	2
09:46	0
09:46	2
09:46	2
09:46	1
09:47	2
09:47	1
09:47	2
09:47	1
09:47	1
09:48	1
09:48	0
09:48	2
09:48	2
09:48	1
09:49	1
09:49	1
09:49	0
09:49	0
09:49	1
09:50	2
09:50	1
09:50	1
09:50	1
09:50	1
09:51	1
09:51	2
09:51	3
09:51	0
09:51	1
09:51	1
09:52	2
09:52	2
09:52	4
09:52	2
09:52	0
09:53	2
09:53	1
09:53	1
09:53	1
09:53	2
09:54	0
09:54	2
09:54	1
09:54	10
09:54	1
09:55	0
09:55	0
09:55	1
09:55	0
09:55	1
09:56	1
09:56	2
09:56	3
09:56	0
09:56	2
09:57	2
09:57	0
09:57	2
09:57	2
09:57	2
09:58	1
09:58	2
09:58	0
09:58	2
09:58	0
09:59	4
09:59	3
09:59	2
09:59	2
09:59	6
09:59	2
10:00	0
10:00	2
10:00	0
10:00	1
10:00	1
10:01	2
10:01	9
10:01	2
10:01	2
10:01	2
10:02	0
10:02	2
10:02	1
10:02	1
10:02	2
10:03	2
10:03	0
10:03	2
10:03	2
10:03	1
10:04	4
10:04	0
10:04	2
10:04	7
10:04	0
10:05	3
10:05	7
10:05	2
10:05	10
10:05	2
10:06	1
10:06	2
10:06	4
10:06	2
10:06	2
10:07	1
10:07	2
10:07	2
10:07	3
10:07	2
10:08	9
10:08	1
10:08	2
10:08	1
10:08	1
10:08	2
10:09	3
10:09	2
10:09	3
10:09	3
10:09	8
10:10	2
10:10	1
10:10	2
10:10	5
10:10	2
10:11	8
10:11	2
10:11	1
10:11	1
10:11	4
10:12	2
10:12	2
10:12	2
10:12	0
10:12	2
10:13	0
10:13	7
10:13	2
10:13	2
10:13	2
10:14	7
10:14	2
10:14	3
10:14	3
10:14	4
10:15	2
10:15	0
10:15	2
10:15	0
10:15	2
10:16	3
10:16	2
10:16	2
10:16	0
10:16	1
10:16	1
10:17	2
10:17	2
10:17	2
10:17	2
10:17	1
10:18	2
10:18	4
10:18	2
10:18	0
10:18	0
10:19	1
10:19	2
10:19	4
10:19	1
10:19	4
10:20	2
10:20	1
10:20	2
10:20	2
10:20	1
10:21	1
10:21	1
10:21	1
10:21	2
10:21	1
10:22	2
10:22	2
10:22	2
10:22	6
10:22	2
10:23	0
10:23	2
10:23	1
10:23	8
10:23	6
10:24	0
10:24	0
10:24	1
10:24	3
10:24	2
10:24	0
10:25	2
10:25	1
10:25	1
10:25	1
10:25	1
10:26	1
10:26	2
10:26	2
10:26	1
10:26	1
10:27	2
10:27	2
10:27	1
10:27	1
10:27	2
10:28	0
10:28	1
10:28	1
10:28	2
10:28	0
10:29	2
10:29	1
10:29	1
10:29	1
10:29	2
10:30	1
10:30	2
10:30	1
10:30	2
10:30	1
10:31	2
10:31	2
10:31	2
10:31	2
10:31	1
10:32	1
10:32	2
10:32	2
10:32	3
10:32	2
10:33	2
10:33	1
10:33	2
10:33	1
10:33	1
10:33	0
10:34	2
10:34	2
10:34	1
10:34	1
10:34	1
10:35	2
10:35	1
10:35	0
10:35	2
10:35	2
10:36	4
10:36	1
10:36	1
10:36	2
10:36	2
10:37	3
10:37	2
10:37	2
10:37	2
10:37	2
10:38	4
10:38	1
10:38	5
10:38	2
10:38	2
10:39	2
10:39	2
10:39	2
10:39	3
10:39	2
10:40	4
10:40	2
10:40	4
10:40	2
10:40	2
10:41	3
10:41	4
10:41	2
10:41	2
10:41	3
10:41	2
10:42	2
10:42	2
10:42	2
10:42	1
10:42	2
10:43	1
10:43	2
10:43	2
10:43	2
10:43	2
10:44	2
10:44	2
10:44	2
10:44	4
10:44	2
10:45	3
10:45	3
10:45	2
10:45	2
10:45	3
10:46	2
10:46	1
10:46	2
10:46	2
10:46	2
10:47	4
10:47	2
10:47	4
10:47	2
10:47	3
10:48	3
10:48	3
10:48	3
10:48	3
10:48	2
10:49	2
10:49	4
10:49	3
10:49	2
10:49	3
10:49	1
10:50	2
10:50	3
10:50	2
10:50	2
10:50	3
10:51	3
10:51	2
10:51	3
10:51	2
10:51	2
10:52	2
10:52	2
10:52	1
10:52	3
10:52	3
10:53	2
10:53	2
10:53	2
10:53	4
10:53	2
10:54	2
10:54	2
10:54	2
10:54	2
10:54	2
10:55	2
10:55	2
10:55	2
10:55	1
10:55	2
10:56	1
10:56	2
10:56	2
10:56	2
10:56	2
10:57	3
10:57	2
10:57	2
10:57	3
10:57	2
10:58	2
10:58	2
10:58	3
10:58	3
10:58	2
10:58	3
10:59	0
10:59	3
10:59	2
10:59	2
10:59	2
11:00	1
11:00	2
11:00	3
11:00	2
11:00	2
11:01	2
11:01	3
11:01	2
11:01	2
11:01	2
11:02	2
11:02	2
11:02	1
11:02	2
11:02	2
11:03	2
11:03	3
11:03	2
11:03	2
11:03	1
11:04	1
11:04	2
11:04	3
11:04	5
11:04	3
11:05	2
11:05	2
11:05	0
11:05	2
11:05	0
11:06	2
11:06	3
11:06	2
11:06	2
11:06	2
11:06	2
11:07	1
11:07	2
11:07	3
11:07	2
11:07	2
11:08	3
11:08	2
11:08	2
11:08	3
11:08	2
11:09	2
11:09	1
11:09	1
11:09	3
11:09	1
11:10	3
11:10	0
11:10	2
11:10	2
11:10	4
11:11	2
11:11	3
11:11	2
11:11	5
11:11	2
11:12	2
11:12	2
11:12	3
11:12	2
11:12	5
11:13	3
11:13	2
11:13	2
11:13	4
11:13	3
11:14	4
11:14	2
11:14	2
11:14	2
11:14	2
11:14	2
11:15	0
11:15	1
11:15	1
11:15	2
11:15	2
11:16	2
11:16	3
11:16	2
11:16	2
11:16	1
11:17	4
11:17	0
11:17	3
11:17	1
11:17	5
11:18	2
11:18	2
11:18	2
11:18	0
11:18	2
11:19	2
11:19	1
11:19	5
11:19	2
11:19	3
11:20	1
11:20	2
11:20	3
11:20	6
11:20	1
11:21	1
11:21	1
11:21	3
11:21	1
11:21	2
11:22	2
11:22	2
11:22	2
11:22	2
11:22	3
11:23	2
11:23	3
11:23	5
11:23	3
11:23	0
11:23	3
11:24	5
11:24	2
11:24	2
11:24	2
11:24	4
11:25	2
11:25	5
11:25	2
11:25	2
11:25	0
11:26	0
11:26	2
11:26	1
11:26	1
11:26	0
11:27	7
11:27	5
11:27	2
11:27	4
11:27	2
11:28	1
11:28	0
11:28	2
11:28	3
11:28	0
11:29	9
11:29	0
11:29	3
11:29	0
11:29	2
11:30	2
11:30	4
11:30	3
11:30	2
11:30	0
11:31	2
11:31	2
11:31	2
11:31	0
11:31	11
11:31	0
11:32	2
11:32	1
11:32	1
11:32	0
11:32	4
11:33	2
11:33	9
11:33	2
11:33	0
11:33	3
11:34	0
11:34	2
11:34	0
11:34	2
11:34	0
11:35	2
11:35	0
11:35	1
11:35	1
11:35	2
11:36	0
11:36	3
11:36	2
11:36	3
11:36	0
11:37	5
11:37	2
11:37	3
11:37	3
11:37	3
11:38	3
11:38	2
11:38	2
11:38	3
11:38	3
11:39	2
11:39	0
11:39	2
11:39	0
11:39	3
11:39	1
11:40	0
11:40	0
11:40	3
11:40	3
11:40	3
11:41	11
11:41	2
11:41	2
11:41	2
11:41	11
11:42	2
11:42	8
11:42	3
11:42	11
11:42	2
11:43	3
11:43	3
11:43	2
11:43	3
11:43	3
11:44	2
11:44	2
11:44	3
11:44	3
11:44	4
11:45	2
11:45	2
11:45	2
11:45	3
11:45	0
11:46	2
11:46	0
11:46	4
11:46	4
11:46	3
11:47	2
11:47	3
11:47	0
11:47	3
11:47	0
11:48	3
11:48	5
11:48	2
11:48	0
11:48	3
11:48	3
11:49	1
11:49	3
11:49	5
11:49	2
11:49	3
11:50	3
11:50	3
11:50	3
11:50	3
11:50	2
11:51	3
11:51	1
11:51	3
11:51	3
11:51	5
11:52	2
11:52	3
11:52	2
11:52	3
11:52	2
11:53	3
11:53	10
11:53	2
11:53	4
11:53	3
11:54	3
11:54	4
11:54	2
11:54	3
11:54	2
11:55	2
11:55	3
11:55	3
11:55	5
11:55	3
11:56	2
11:56	3
11:56	2
11:56	2
11:56	2
11:56	3
11:57	2
11:57	2
11:57	11
11:57	3
11:57	0
11:58	3
11:58	2
11:58	3
11:58	4
11:58	2
11:59	0
11:59	2
11:59	0
11:59	2
11:59	6
12:00	3
12:00	2
12:00	2
12:00	0
12:00	2
12:01	0
12:01	2
12:01	2
12:01	1
12:01	2
12:02	1
12:02	2
12:02	2
12:02	5
12:02	1
12:03	1
12:03	1
12:03	3
12:03	0
12:03	3
12:04	3
12:04	3
12:04	3
12:04	3
12:04	3
12:04	3
12:05	5
12:05	3
12:05	3
12:05	2
12:05	2
12:06	2
12:06	5
12:06	2
12:06	3
12:06	2
12:07	2
12:07	2
12:07	1
12:07	3
12:07	1
12:08	4
12:08	2
12:08	2
12:08	2
12:08	2
12:09	3
12:09	3
12:09	2
12:09	3
12:09	2
12:10	3
12:10	2
12:10	3
12:10	2
12:10	4
12:11	5
12:11	3
12:11	3
12:11	3
12:11	3
12:12	1
12:12	0
12:12	3
12:12	2
12:12	2
12:13	2
12:13	1
12:13	2
12:13	3
12:13	5
12:13	3
12:14	2
12:14	4
12:14	2
12:14	3
12:14	2
12:15	3
12:15	4
12:15	3
12:15	2
12:15	3
12:16	3
12:16	2
12:16	3
12:16	3
12:16	5
12:17	2
12:17	2
12:17	6
12:17	2
12:17	3
12:18	1
12:18	3
12:18	5
12:18	4
12:18	3
12:19	3
12:19	2
12:19	2
12:19	3
12:19	3
12:20	2
12:20	3
12:20	4
12:20	3
12:20	0
12:21	3
12:21	2
12:21	3
12:21	3
12:21	2
12:21	1
12:22	2
12:22	2
12:22	1
12:22	3
12:22	3
12:23	2
12:23	2
12:23	2
12:23	3
12:23	2
12:24	2
12:24	2
12:24	2
12:24	1
12:24	2
12:25	1
12:25	2
12:25	2
12:25	5
12:25	3
12:26	2
12:26	2
12:26	3
12:26	1
12:26	3
12:27	2
12:27	2
12:27	6
12:27	3
12:27	0
12:28	2
12:28	2
12:28	2
12:28	1
12:28	2
12:29	2
12:29	2
12:29	5
12:29	2
12:29	1
12:29	4
12:30	2
12:30	1
12:30	2
12:30	1
12:30	5
12:31	4
12:31	1
12:31	3
12:31	2
12:31	2
12:32	2
12:32	1
12:32	1
12:32	1
12:32	8
12:33	2
12:33	2
12:33	3
12:33	1
12:33	1
12:34	3
12:34	2
12:34	3
12:34	2
12:34	3
12:35	2
12:35	2
12:35	2
12:35	2
12:35	2
12:36	2
12:36	2
12:36	78
12:36	84
12:36	84
12:37	85
12:37	84
12:37	86
12:37	82
12:37	85
12:38	83
12:38	82
12:38	83
12:38	84
12:38	83
12:38	82
12:39	79
12:39	78
12:39	78
12:39	78
12:39	76
12:40	76
12:40	76
12:40	75
12:40	74
12:40	74
12:41	73
12:41	73
12:41	71
12:41	72
12:41	72
12:42	72
12:42	72
12:42	71
12:42	73
12:42	72
12:43	71
12:43	71
12:43	72
12:43	72
12:43	74
12:44	72
12:44	73
12:44	73
12:44	75
12:44	73
12:45	74
12:45	73
12:45	72
12:45	73
12:45	73
12:46	74
12:46	73
12:46	74
12:46	73
12:46	74
12:46	75
12:47	75
12:47	76
12:47	79
12:47	77
12:47	76
12:48	77
12:48	77
12:48	80
12:48	88
12:48	79
12:49	84
12:49	83
12:49	81
12:49	80
12:49	80
12:50	80
12:50	75
12:50	80
12:50	79
12:50	90
12:51	80
12:51	80
12:51	80
12:51	81
12:51	81
12:52	80
12:52	75
12:52	79
12:52	80
12:52	83
12:53	84
12:53	83
12:53	84
12:53	82
12:53	83
12:54	84
12:54	83
12:54	83
12:54	83
12:54	84
12:54	83
12:55	84
12:55	85
12:55	84
12:55	85
12:55	85
12:56	84
12:56	85
12:56	85
12:56	86
12:56	86
12:57	96
12:57	85
12:57	86
12:57	86
12:57	84
12:58	87
12:58	86
12:58	86
12:58	83
12:58	85
12:59	85
12:59	85
12:59	85
12:59	84
12:59	83
13:00	83
13:00	82
13:00	76
13:00	79
13:00	83
13:01	78
13:01	79
13:01	77
13:01	66
13:01	72
13:02	71
13:02	68
13:02	69
13:02	70
13:02	69
13:03	80
13:03	76
13:03	75
13:03	75
13:03	82
13:03	78
13:04	78
13:04	74
13:04	75
13:04	79
13:04	74
13:05	74
13:05	75
13:05	74
13:05	74
13:05	74
13:06	75
13:06	75
13:06	66
13:06	66
13:06	58
13:07	53
13:07	57
13:07	53
13:07	60
13:07	59
13:08	53
13:08	51
13:08	46
13:08	50
13:08	51
13:09	56
13:09	49
13:09	52
13:09	39
13:09	40
13:10	41
13:10	30
13:10	15
13:10	41
13:10	23
13:11	21
13:11	31
13:11	40
13:11	70
13:11	58
13:11	61
13:12	55
13:12	57
13:12	59
13:12	59
13:12	52
13:13	57
13:13	60
13:13	47
13:13	54
13:13	52
13:14	54
13:14	55
13:14	56
13:14	57
13:14	55
13:15	57
13:15	57
13:15	73
13:15	73
13:15	76
13:16	60
13:16	62
13:16	58
13:16	76
13:16	44
13:17	48
13:17	50
13:17	51
13:17	48
13:17	54
13:18	49
13:18	45
13:18	43
13:18	81
13:18	82
13:19	60
13:19	82
13:19	58
13:19	61
13:19	64
13:19	65
13:20	84
13:20	84
13:20	86
13:20	86
13:20	85
13:21	86
13:21	86
13:21	81
13:21	74
13:21	83
13:22	79
13:22	73
13:22	76
13:22	54
13:22	124
13:23	210
13:23	198
13:23	214
13:23	214
13:23	200
13:24	184
13:24	211
13:24	217
13:24	214
13:24	217
13:25	221
13:25	221
13:25	221
13:25	180
13:25	225
13:26	225
13:26	225
13:26	224
13:26	228
13:26	221
13:27	224
13:27	230
13:27	192
13:27	182
13:27	226
13:28	228
13:28	222
13:28	221
13:28	215
13:28	212
13:28	209
13:29	209
13:29	206
13:29	210
13:29	210
13:29	210
13:30	201
13:30	210
13:30	211
13:30	212
13:30	213
13:31	213
13:31	219
13:31	217
13:31	221
13:31	222
13:32	220
13:32	220
13:32	216
13:32	212
13:32	208
13:33	207
13:33	206
13:33	206
13:33	204
13:33	204
13:34	203
13:34	202
13:34	203
13:34	203
13:34	205
13:35	209
13:35	227
13:35	239
13:35	232
13:35	238
13:36	244
13:36	246
13:36	242
13:36	239
13:36	243
13:36	235
13:37	233
13:37	232
13:37	222
13:37	214
13:37	216
13:38	205
13:38	213
13:38	196
13:38	201
13:38	200
13:39	203
13:39	204
13:39	202
13:39	198
13:39	200
13:40	201
13:40	202
13:40	199
13:40	198
13:40	198
13:41	198
13:41	204
13:41	199
13:41	198
13:41	198
13:42	198
13:42	197
13:42	195
13:42	190
13:42	192
13:43	199
13:43	203
13:43	202
13:43	200
13:43	218
13:44	225
13:44	230
13:44	227
13:44	218
13:44	218
13:44	209
13:45	194
13:45	204
13:45	203
13:45	202
13:45	204
13:46	209
13:46	208
13:46	226
13:46	228
13:46	230
13:47	227
13:47	212
13:47	203
13:47	214
13:47	185
13:48	171
13:48	161
13:48	157
13:48	153
13:48	152
13:49	173
13:49	187
13:49	210
13:49	200
13:49	199
13:50	209
13:50	210
13:50	216
13:50	198
13:50	202
13:51	198
13:51	216
13:51	224
13:51	223
13:51	225
13:52	224
13:52	214
13:52	176
13:52	186
13:52	210
13:53	212
13:53	210
13:53	188
13:53	199
13:53	199
13:53	218
13:54	219
13:54	223
13:54	222
13:54	223
13:54	210
13:55	223
13:55	210
13:55	206
13:55	202
13:55	201
13:56	199
13:56	178
13:56	175
13:56	172
13:56	182
13:57	170
13:57	188
13:57	179
13:57	178
13:57	183
13:58	164
13:58	156
13:58	121
13:58	169
13:58	172
13:59	172
13:59	132
13:59	165
13:59	204
13:59	183
14:00	190
14:00	197
14:00	167
14:00	169
14:00	209
14:01	157
14:01	175
14:01	186
14:01	197
14:01	184
14:01	180
14:02	207
14:02	190
14:02	208
14:02	205
14:02	209
14:03	214
14:03	210
14:03	210
14:03	209
14:03	206
14:04	208
14:04	209
14:04	209
14:04	209
14:04	211
14:05	210
14:05	207
14:05	206
14:05	192
14:05	193
14:06	199
14:06	206
14:06	202
14:06	202
14:06	204
14:07	211
14:07	218
14:07	218
14:07	219
14:07	218
14:08	218
14:08	218
14:08	218
14:08	218
14:08	217
14:09	214
14:09	215
14:09	208
14:09	207
14:09	205
14:09	204
14:10	205
14:10	210
14:10	213
14:10	211
14:10	209
14:11	214
14:11	196
14:11	197
14:11	216
14:11	214
14:12	185
14:12	189
14:12	213
14:12	211
14:12	213
14:13	212
14:13	208
14:13	209
14:13	211
14:13	213
14:14	220
14:14	221
14:14	216
14:14	214
14:14	206
14:15	207
14:15	206
14:15	184
14:15	198
14:15	205
14:16	217
14:16	219
14:16	226
14:16	235
14:16	233
14:17	232
14:17	230
14:17	233
14:17	226
14:17	217
14:18	227
14:18	228
14:18	228
14:18	231
14:18	226
14:18	227
14:19	225
14:19	225
14:19	223
14:19	202
14:19	221
14:20	224
14:20	231
14:20	219
14:20	225
14:20	205
14:21	207
14:21	229
14:21	222
14:21	227
14:21	230
14:22	206
14:22	236
14:22	207
14:22	217
14:22	203
14:23	137
14:23	194
14:23	152
14:23	145
14:23	183
14:24	184
14:24	171
14:24	181
14:24	236
14:24	199
14:25	179
14:25	197
14:25	239
14:25	171
14:25	191
14:26	219
14:26	247
14:26	252
14:26	219
14:26	246
14:26	229
14:27	238
14:27	237
14:27	217
14:27	238
14:27	264
14:28	225
14:28	233
14:28	227
14:28	235
14:28	265
14:29	274
14:29	276
14:29	274
14:29	273
14:29	272
14:30	273
14:30	220
14:30	277
14:30	279
14:30	277
14:31	274
14:31	273
14:31	218
14:31	235
14:31	260
14:32	133
14:32	125
14:32	221
14:32	220
14:32	149
14:33	119
14:33	148
14:33	114
14:33	130
14:33	99
14:34	129
14:34	130
14:34	131
14:34	99
14:34	93
14:34	113
14:35	120
14:35	117
14:35	116
14:35	120
14:35	116
14:36	115
14:36	130
14:36	141
14:36	215
14:36	228
14:37	236
14:37	226
14:37	257
14:37	282
14:37	322
14:38	331
14:38	332
14:38	331
14:38	290
14:38	265
14:39	246
14:39	337
14:39	265
14:39	254
14:39	235
14:40	148
14:40	184
14:40	187
14:40	134
14:40	148
14:41	158
14:41	159
14:41	170
14:41	219
14:41	217
14:42	223
14:42	296
14:42	241
14:42	209
14:42	194
14:43	118
14:43	128
14:43	153
14:43	146
14:43	268
14:43	235
14:44	276
14:44	256
14:44	240
14:44	165
14:44	260
14:45	263
14:45	270
14:45	283
14:45	290
14:45	271
14:46	282
14:46	274
14:46	274
14:46	272
14:46	217
14:47	155
14:47	174
14:47	148
14:47	195
14:47	209
14:48	304
14:48	341
14:48	352
14:48	264
14:48	274
14:49	257
14:49	181
14:49	204
14:49	180
14:49	270
14:50	235
14:50	182
14:50	247
14:50	309
14:50	160
14:51	157
14:51	165
14:51	167
14:51	163
14:51	168
14:51	282
14:52	299
14:52	306
14:52	301
14:52	277
14:52	322
14:53	385
14:53	290
14:53	163
14:53	166
14:53	156
14:54	135
14:54	259
14:54	260
14:54	251
14:54	253
14:55	197
14:55	369
14:55	263
14:55	323
14:55	362
14:56	220
14:56	247
14:56	277
14:56	370
14:56	305
14:57	396
14:57	387
14:57	237
14:57	292
14:57	402
14:58	379
14:58	197
14:58	296
14:58	240
14:58	208
14:59	302
14:59	159
14:59	162
14:59	257
14:59	182
14:59	188
15:00	170
15:00	178
15:00	164
15:00	257
15:00	244
15:01	225
15:01	319
15:01	143
15:01	184
15:01	276
15:02	186
15:02	152
15:02	152
15:02	146
15:02	111
15:03	156
15:03	150
15:03	161
15:03	235
15:03	177
15:04	168
15:04	142
15:04	262
15:04	207
15:04	413
15:05	420
15:05	374
15:05	214
15:05	286
15:05	235
15:06	240
15:06	256
15:06	241
15:06	174
15:06	284
15:07	222
15:07	210
15:07	300
15:07	328
15:07	285
15:08	200
15:08	319
15:08	174
15:08	172
15:08	218
15:08	253
15:09	179
15:09	243
15:09	248
15:09	276
15:09	310
15:10	151
15:10	127
15:10	201
15:10	207
15:10	194
15:11	230
15:11	300
15:11	303
15:11	288
15:11	197
15:12	243
15:12	228
15:12	262
15:12	161
15:12	188
15:13	211
15:13	277
15:13	228
15:13	178
15:13	183
15:14	178
15:14	180
15:14	201
15:14	196
15:14	137
15:15	188
15:15	207
15:15	276
15:15	275
15:15	422
15:16	346
15:16	388
15:16	376
15:16	210
15:16	218
15:16	197
15:17	174
15:17	168
15:17	214
15:17	173
15:17	152
15:18	161
15:18	168
15:18	184
15:18	181
15:18	188
15:19	248
15:19	163
15:19	174
15:19	180
15:19	155
15:20	180
15:20	180
15:20	176
15:21	186
15:21	229
15:21	305
15:21	345
15:22	264
15:22	444
15:22	455
15:22	411
15:22	434
15:23	228
15:23	209
15:23	199
15:23	227
15:23	328
15:24	255
15:24	230
15:24	194
15:24	132
15:24	163
15:24	172
15:25	171
15:25	185
15:25	305
15:25	238
15:25	152
15:26	119
15:26	102
15:26	104
15:26	93
15:26	111
15:27	107
15:27	110
15:27	105
15:27	109
15:27	159
15:28	129
15:28	156
15:28	118
15:28	145
15:28	203
15:29	364
15:29	369
15:29	347
15:29	206
15:29	257
15:30	270
15:30	150
15:30	145
15:30	181
15:30	346
15:31	290
15:31	173
15:31	156
15:31	138
15:31	136
15:32	133
15:32	127
15:32	122
15:32	119
15:32	99
15:33	110
15:33	89
15:33	82
15:33	105
15:33	103
15:33	107
15:34	75
15:34	73
15:34	79
15:34	86
15:34	79
15:35	72
15:35	64
15:35	96
15:35	81
15:35	81
15:36	79
15:36	93
15:36	95
15:36	94
15:36	94
15:37	97
15:37	88
15:37	85
15:37	93
15:37	95
15:38	93
15:38	95
15:38	92
15:38	94
15:38	96
15:39	98
15:39	83
15:39	93
15:39	97
15:39	98
15:40	98
15:40	99
15:40	99
15:40	100
15:40	101
15:41	100
15:41	100
15:41	102
15:41	101
15:41	102
15:41	103
15:42	103
15:42	104
15:42	105
15:42	104
15:42	105
15:43	107
15:43	108
15:43	109
15:43	108
15:43	112
15:44	115
15:44	114
15:44	117
15:44	117
15:44	117
15:45	119
15:45	117
15:45	123
15:45	126
15:45	122
15:46	127
15:46	123
15:46	131
15:46	134
15:46	138
15:47	135
15:47	135
15:47	139
15:47	132
15:47	139
15:48	142
15:48	142
15:48	143
15:48	144
15:48	145
15:49	146
15:49	147
15:49	148
15:49	151
15:49	152
15:49	149
15:50	147
15:50	145
15:50	143
15:50	142
15:50	141
15:51	138
15:51	135
15:51	139
15:51	137
15:51	136
15:52	133
15:52	133
15:52	134
15:52	131
15:52	122
15:53	129
15:53	129
15:53	128
15:53	133
15:53	128
15:54	126
15:54	127
15:54	125
15:54	107
15:54	100
15:55	86
15:55	87
15:55	113
15:55	114
15:55	115
15:56	116
15:56	123
15:56	126
15:56	128
15:56	129
15:57	128
15:57	130
15:57	131
15:57	132
15:57	131
15:58	134
15:58	134
15:58	137
15:58	140
15:58	142
15:58	144
15:59	147
15:59	150
15:59	150
15:59	155
15:59	157
16:00	162
16:00	166
16:00	170
16:00	171
16:00	172
16:01	176
16:01	176
16:01	175
16:01	178
16:01	176
16:02	178
16:02	177
16:02	179
16:02	179
16:02	180
16:03	152
16:03	165
16:03	157
16:03	183
16:03	184
16:04	186
16:04	180
16:04	188
16:04	155
16:04	161
16:05	149
16:05	191
16:05	192
16:05	190
16:05	181
16:06	156
16:06	179
16:06	187
16:06	171
16:06	175
16:06	183
16:07	203
16:07	209
16:07	253
16:07	239
16:07	240
16:08	236
16:08	226
16:08	222
16:08	222
16:08	224
16:09	219
16:09	221
16:09	211
16:09	222
16:09	349
16:10	252
16:10	252
16:10	234
16:10	226
16:10	224
16:11	223
16:11	223
16:11	226
16:11	230
16:11	220
16:12	226
16:12	225
16:12	227
16:12	228
16:12	233
16:13	242
16:13	441
16:13	542
16:13	542
16:13	545
16:14	546
16:14	541
16:14	533
16:14	542
16:14	440
16:14	416
16:15	332
16:15	298
16:15	249
16:15	243
16:15	237
16:16	246
16:16	446
16:16	531
16:16	248
16:16	224
16:17	217
16:17	220
16:17	226
16:17	199
16:17	190
16:18	190
16:18	194
16:18	200
16:18	221
16:18	226
16:19	202
16:19	192
16:19	196
16:19	185
16:19	177
16:20	179
16:20	171
16:20	165
16:20	165
16:20	167
16:21	164
16:21	170
16:21	183
16:21	195
16:21	298
16:22	195
16:22	298
16:22	510
16:22	400
16:22	203
16:23	178
16:23	173
16:23	166
16:23	166
16:23	158
16:23	154
16:24	153
16:24	151
16:24	144
16:24	134
16:24	142
16:25	138
16:25	133
16:25	139
16:25	144
16:25	145
16:26	152
16:26	163
16:26	285
16:26	173
16:26	164
16:27	164
16:27	162
16:27	170
16:27	177
16:27	167
16:28	162
16:28	157
16:28	157
16:28	157
16:28	156
16:29	157
16:29	156
16:29	156
16:29	157
16:29	156
16:30	157
16:30	156
16:30	155
16:30	153
16:30	155
16:31	157
16:31	160
16:31	157
16:31	151
16:31	151
16:31	149
16:32	150
16:32	149
16:32	150
16:32	151
16:32	153
16:33	155
16:33	158
16:33	159
16:33	160
16:33	162
16:34	161
16:34	164
16:34	168
16:34	170
16:34	172
16:35	179
16:35	180
16:35	184
16:35	187
16:35	190
16:36	197
16:36	206
16:36	225
16:36	325
16:36	583
16:37	598
16:37	597
16:37	558
16:37	417
16:37	312
16:38	302
16:38	249
16:38	256
16:38	560
16:38	596
16:39	555
16:39	329
16:39	287
16:39	249
16:39	475
16:39	575
16:40	575
16:40	581
16:40	579
16:40	575
16:40	573
16:41	576
16:41	574
16:41	576
16:41	574
16:41	570
16:42	570
16:42	571
16:42	571
16:42	571
16:42	569
16:43	566
16:43	567
16:43	558
16:43	553
16:43	550
16:44	547
16:44	546
16:44	542
16:44	536
16:44	546
16:45	251
16:45	221
16:45	286
16:45	563
16:45	562
16:46	205
16:46	308
16:46	575
16:46	340
16:46	182
16:47	177
16:47	174
16:47	171
16:47	175
16:47	180
16:48	265
16:48	477
16:48	309
16:48	235
16:48	213
16:48	382
16:49	244
16:49	241
16:49	524
16:49	278
16:49	279
16:50	443
16:50	525
16:50	377
16:50	180
16:50	147
16:51	143
16:51	143
16:51	148
16:51	251
16:51	149
16:52	148
16:52	151
16:52	155
16:52	160
16:52	164
16:53	164
16:53	170
16:53	228
16:53	165
16:53	153
16:54	150
16:54	155
16:54	213
16:54	260
16:54	218
16:55	171
16:55	182
16:55	466
16:55	312
16:55	542
16:56	533
16:56	532
16:56	526
16:56	137
16:56	128
16:56	123
16:57	120
16:57	119
16:57	119
16:57	119
16:57	120
16:58	123
16:58	133
16:58	129
16:58	118
16:58	114
16:59	111
16:59	109
16:59	108
16:59	107
16:59	110
17:00	106
17:00	112
17:00	110
17:00	111
17:00	141
17:01	118
17:01	108
17:01	102
17:01	108
17:01	100
17:02	98
17:02	95
17:02	93
17:02	90
17:02	93
17:03	89
17:03	86
17:03	84
17:03	83
17:03	80
17:04	81
17:04	83
17:04	81
17:04	80
17:04	80
17:04	83
17:05	85
17:05	85
17:05	92
17:05	97
17:05	102
17:06	107
17:06	111
17:06	114
17:06	115
17:06	118
17:07	117
17:07	119
17:07	119
17:07	122
17:07	124
17:08	127
17:08	134
17:08	143
17:08	345
17:08	229
17:09	317
17:09	435
17:09	452
17:09	552
17:09	559
17:10	560
17:10	548
17:10	556
17:10	555
17:10	556
17:11	559
17:11	564
17:11	564
17:11	563
17:11	556
17:12	159
17:12	150
17:12	137
17:12	145
17:12	142
17:13	133
17:13	132
17:13	130
17:13	129
17:13	127
17:13	125
17:14	125
17:14	130
17:14	124
17:14	128
17:14	122
17:15	122
17:15	126
17:15	127
17:15	137
17:15	155
17:16	138
17:16	134
17:16	133
17:16	134
17:16	134
17:17	141
17:17	158
17:17	536
17:17	149
17:17	143
17:18	140
17:18	139
17:18	134
17:18	142
17:18	146
17:19	143
17:19	141
17:19	138
17:19	135
17:19	132
17:20	128
17:20	129
17:20	122
17:20	119
17:20	118
17:21	120
17:21	132
17:21	155
17:21	141
17:21	127
17:21	128
17:22	140
17:22	150
17:22	124
17:22	120
17:22	122
17:23	120
17:23	121
17:23	121
17:23	116
17:23	114
17:24	114
17:24	114
17:24	112
17:24	114
17:24	115
17:25	118
17:25	121
17:25	125
17:25	126
17:25	128
17:26	129
17:26	128
17:26	134
17:26	139
17:26	147
17:27	165
17:27	166
17:27	178
17:27	197
17:27	172
17:28	185
17:28	506
17:28	538
17:28	544
17:28	481
17:29	479
17:29	551
17:29	560
17:29	257
17:29	201
17:29	471
17:30	556
17:30	571
17:30	559
17:30	456
17:30	445
17:31	307
17:31	188
17:31	253
17:31	178
17:31	176
17:32	203
17:32	172
17:32	152
17:32	146
17:32	143
17:33	148
17:33	142
17:33	144
17:33	141
17:33	139
17:34	138
17:34	143
17:34	186
17:34	146
17:34	143
17:35	142
17:35	142
17:35	140
17:35	144
17:35	143
17:36	144
17:36	144
17:36	144
17:36	142
17:36	145
17:37	148
17:37	151
17:37	155
17:37	157
17:37	157
17:38	158
17:38	160
17:38	161
17:38	164
17:38	166
17:38	167
17:39	169
17:39	170
17:39	170
17:39	174
17:39	174
17:40	174
17:40	175
17:40	181
17:40	188
17:40	198
17:41	348
17:41	534
17:41	575
17:41	567
17:41	571
17:42	571
17:42	572
17:42	567
17:42	569
17:42	578
17:43	577
17:43	577
17:43	578
17:43	578
17:43	577
17:44	576
17:44	576
17:44	583
17:44	576
17:44	566
17:45	569
17:45	565
17:45	565
17:45	566
17:45	567
17:46	568
17:46	566
17:46	567
17:46	571
17:46	562
17:46	566
17:47	561
17:47	562
17:47	563
17:47	564
17:47	565
17:48	563
17:48	561
17:48	559
17:48	559
17:48	556
17:49	552
17:49	550
17:49	540
17:49	268
17:49	393
17:50	312
17:50	409
17:50	497
17:50	507
17:50	339
17:51	292
17:51	345
17:51	240
17:51	429
17:51	321
17:52	525
17:52	526
17:52	524
17:52	520
17:52	524
17:53	513
17:53	527
17:53	528
17:53	527
17:53	526
17:54	525
17:54	524
17:54	521
17:54	519
17:54	519
17:54	518
17:55	488
17:55	435
17:55	509
17:55	445
17:55	469
17:56	493
17:56	478
17:56	502
17:56	475
17:56	506
17:57	501
17:57	401
17:57	175
17:57	279
17:57	501
17:58	511
17:58	511
17:58	511
17:58	506
17:58	510
17:59	511
17:59	509
17:59	505
17:59	508
17:59	505
18:00	508
18:00	508
18:00	510
18:00	504
18:00	508
18:01	503
18:01	509
18:01	501
18:01	505
18:01	498
18:02	497
18:02	502
18:02	500
18:02	502
18:02	500
18:03	501
18:03	499
18:03	500
18:03	496
18:03	498
18:03	496
18:04	497
18:04	496
18:04	494
18:04	496
18:04	494
18:05	495
18:05	496
18:05	493
18:05	491
18:05	494
18:06	492
18:06	490
18:06	492
18:06	492
18:06	492
18:07	495
18:07	493
18:07	491
18:07	491
18:07	491
18:08	490
18:08	489
18:08	492
18:08	489
18:08	491
18:09	490
18:09	461
18:09	243
18:09	236
18:09	408
18:10	448
18:10	475
18:10	477
18:10	477
18:10	483
18:11	490
18:11	489
18:11	494
18:11	491
18:11	487
18:11	491
18:12	488
18:12	486
18:12	488
18:12	485
18:12	482
18:13	487
18:13	486
18:13	488
18:13	484
18:13	485
18:14	483
18:14	483
18:14	483
18:14	483
18:14	479
18:15	484
18:15	483
18:15	486
18:15	486
18:15	486
18:16	486
18:16	485
18:16	484
18:16	483
18:16	484
18:17	482
18:17	480
18:17	481
18:17	480
18:17	480
18:18	480
18:18	479
18:18	479
18:18	478
18:18	478
18:19	477
18:19	475
18:19	474
18:19	474
18:19	475
18:19	474
18:20	440
18:20	409
18:20	265
18:20	339
18:20	474
18:21	474
18:21	473
18:21	473
18:21	475
18:21	469
18:22	467
18:22	467
18:22	468
18:22	468
18:22	469
18:23	472
18:23	476
18:23	473
18:23	472
18:23	465
18:24	472
18:24	472
18:24	444
18:24	472
18:24	471
18:25	471
18:25	425
18:25	467
18:25	465
18:25	465
18:26	462
18:26	463
18:26	460
18:26	463
18:26	468
18:27	464
18:27	465
18:27	463
18:27	464
18:27	463
18:28	462
18:28	462
18:28	463
18:28	463
18:28	462
18:28	458
18:29	458
18:29	459
18:29	458
18:29	461
18:29	459
18:30	458
18:30	458
18:30	457
18:30	457
18:30	454
18:31	454
18:31	447
18:31	453
18:31	452
18:31	454
18:32	453
18:32	452
18:32	450
18:32	454
18:32	453
18:33	450
18:33	453
18:33	452
18:33	452
18:33	451
18:34	448
18:34	434
18:34	328
18:34	153
18:34	147
18:35	153
18:35	148
18:35	210
18:35	428
18:35	433
18:36	435
18:36	436
18:36	436
18:36	437
18:36	437
18:36	437
18:37	438
18:37	437
18:37	435
18:37	434
18:37	435
18:38	435
18:38	433
18:38	434
18:38	432
18:38	432
18:39	431
18:39	428
18:39	429
18:39	426
18:39	425
18:40	423
18:40	422
18:40	421
18:40	419
18:40	419
18:41	418
18:41	419
18:41	415
18:41	415
18:41	415
18:42	413
18:42	411
18:42	411
18:42	410
18:42	410
18:43	409
18:43	411
18:43	413
18:43	410
18:43	412
18:44	412
18:44	412
18:44	409
18:44	405
18:44	406
18:44	407
18:45	406
18:45	405
18:45	407
18:45	406
18:45	404
18:46	403
18:46	403
18:46	402
18:46	400
18:46	403
18:47	400
18:47	396
18:47	398
18:47	404
18:47	391
18:48	396
18:48	393
18:48	391
18:48	389
18:48	388
18:49	387
18:49	378
18:49	382
18:49	382
18:49	379
18:50	378
18:50	378
18:50	377
18:50	376
18:50	374
18:51	371
18:51	371
18:51	370
18:51	370
18:51	368
18:52	367
18:52	366
18:52	364
18:52	366
18:52	363
18:53	364
18:53	363
18:53	362
18:53	361
18:53	360
18:53	358
18:54	357
18:54	353
18:54	353
18:54	353
18:54	352
18:55	350
18:55	350
18:55	346
18:55	347
18:55	345
18:56	344
18:56	341
18:56	340
18:56	339
18:56	338
18:57	336
18:57	332
18:57	329
18:57	326
18:57	327
18:58	323
18:58	312
18:58	288
18:58	272
18:58	256
18:59	259
18:59	243
18:59	237
18:59	219
18:59	212
19:00	186
19:00	169
19:00	151
19:00	132
19:00	119
19:01	112
19:01	113
19:01	108
19:01	108
19:01	104
19:01	103
19:02	101
19:02	100
19:02	101
19:02	98
19:02	93
19:03	86
19:03	80
19:03	75
19:03	71
19:03	69
19:04	66
19:04	57
19:04	60
19:04	55
19:04	57
19:05	55
19:05	54
19:05	56
19:05	52
19:05	57
19:06	50
19:06	48
19:06	46
19:06	47
19:06	46
19:07	45
19:07	44
19:07	43
19:07	42
19:07	42
19:08	42
19:08	41
19:08	41
19:08	40
19:08	38
19:09	39
19:09	38
19:09	36
19:09	36
19:09	35
19:09	36
19:10	35
19:10	35
19:10	35
19:10	41
19:10	36
19:11	42
19:11	38
19:11	43
19:11	48
19:11	50
19:12	55
19:12	59
19:12	67
19:12	76
19:12	91
19:13	106
19:13	121
19:13	131
19:13	140
19:13	147
19:14	150
19:14	148
19:14	141
19:14	134
19:14	123
19:15	115
19:15	106
19:15	99
19:15	92
19:15	93
19:16	100
19:16	105
19:16	115
19:16	125
19:16	132
19:17	134
19:17	135
19:17	134
19:17	130
19:17	128
19:18	124
19:18	121
19:18	121
19:18	119
19:18	116
19:18	114
19:19	113
19:19	108
19:19	104
19:19	100
19:19	95
19:20	90
19:20	90
19:20	91
19:20	88
19:20	89
19:21	89
19:21	88
19:21	89
19:21	88
19:21	86
19:22	85
19:22	81
19:22	82
19:22	81
19:22	80
19:23	78
19:23	77
19:23	76
19:23	74
19:23	74
19:24	71
19:24	71
19:24	68
19:24	68
19:24	68
19:25	66
19:25	63
19:25	61
19:25	58
19:25	55
19:26	52
19:26	49
19:26	47
19:26	46
19:26	46
19:26	43
19:27	44
19:27	43
19:27	44
19:27	45
19:27	45
19:28	45
19:28	46
19:28	48
19:28	45
19:28	44
19:29	43
19:29	42
19:29	41
19:29	39
19:29	40
19:30	36
19:30	35
19:30	35
19:30	33
19:30	34
19:31	35
19:31	34
19:31	34
19:31	34
19:31	36
19:32	32
19:32	31
19:32	31
19:32	24
19:32	29
19:33	25
19:33	28
19:33	26
19:33	26
19:33	25
19:34	24
19:34	24
19:34	22
19:34	22
19:34	20
19:34	20
19:35	19
19:35	18
19:35	18
19:35	17
19:35	17
19:36	17
19:36	15
19:36	13
19:36	15
19:36	15
19:37	14
19:37	13
19:37	13
19:37	12
19:37	13
19:38	12
19:38	11
19:38	11
19:38	11
19:38	11
19:39	9
19:39	8
19:39	10
19:39	9
19:39	9
19:40	8
19:40	7
19:40	8
19:40	4
19:40	7
19:41	8
19:41	8
19:41	7
19:41	7
19:41	8
19:42	6
19:42	7
19:42	7
19:42	5
19:42	9
19:43	7
19:43	6
19:43	6
19:43	7
19:43	6
19:43	6
19:44	8
19:44	5
19:44	5
19:44	4
19:44	3
19:45	6
19:45	10
19:45	6
19:45	5
19:45	6
19:46	2
19:46	5
19:46	4
19:46	1
19:46	5
19:47	4
19:47	3
19:47	3
19:47	3
19:47	5
19:48	3
19:48	6
19:48	4
19:48	5
19:48	4
19:49	0
19:49	3
19:49	4
19:49	4
19:49	4
19:50	3
19:50	3
19:50	3
19:50	3
19:50	3
19:51	4
19:51	2
19:51	3
19:51	2
19:51	3
19:51	1
19:52	3
19:52	4
19:52	2
19:52	5
19:52	3
19:53	3
19:53	2
19:53	3
19:53	2
19:53	2
19:54	2
19:54	2
19:54	1
19:54	3
19:54	2
19:55	2
19:55	2
19:55	0
19:55	11
19:55	0
19:56	2
19:56	2
19:56	2
19:56	6
19:56	3
19:57	2
19:57	2
19:57	2
19:57	4
19:57	1
19:58	2
19:58	2
19:58	3
19:58	2
19:58	2
19:59	1
19:59	5
19:59	1
19:59	1
19:59	3
19:59	5
20:00	1
20:00	1
20:00	1
20:00	0
20:00	0
20:01	0
20:01	2
20:01	2
20:01	1
20:01	1
20:02	1
20:02	1
20:02	1
20:02	4
20:02	1
20:03	1
20:03	1
20:03	2
20:03	1
20:03	1
20:04	1
20:04	1
20:04	0
20:04	2
20:04	1
20:05	0
20:05	1
20:05	1
20:05	1
20:05	0
20:06	1
20:06	1
20:06	1
20:06	0
20:06	1
20:07	0
20:07	1
20:07	0
20:07	3
20:07	1
20:08	5
20:08	4
20:08	6
20:08	6
20:08	9
20:08	8
20:09	7
20:09	8
20:09	8
20:09	8
20:09	8
20:10	8
20:10	7
20:10	9
20:10	8
20:10	8
20:11	9
20:11	9
20:11	8
20:11	9
20:11	8
20:12	9
20:12	10
20:12	8
20:12	10
20:12	8
20:13	9
20:13	9
20:13	8
20:13	9
20:13	9
20:14	8
20:14	8
20:14	7
20:14	8
20:14	8
20:15	9
20:15	9
20:15	9
20:15	7
20:15	9
20:16	9
20:16	8
20:16	9
20:16	8
20:16	9
20:16	13
20:17	11
20:17	9
20:17	9
20:17	9
20:17	11
20:18	9
20:18	8
20:18	9
20:18	8
20:18	9
20:19	8
20:19	9
20:19	9
20:19	8
20:19	8
20:20	8
20:20	4
20:20	7
20:20	8
20:20	8
20:21	8
20:21	8
20:21	9
20:21	9
20:21	8
20:22	8
20:22	8
20:22	8
20:22	8
20:22	8
20:23	8
20:23	9
20:23	8
20:23	8
20:23	8
20:24	8
20:24	8
20:24	8
20:24	7
20:24	11
20:24	9
20:25	8
20:25	8
20:25	8
20:25	9
20:25	8
20:26	8
20:26	8
20:26	7
20:26	8
20:26	8
20:27	8
20:27	9
20:27	9
20:27	8
20:27	8
20:28	9
20:28	8
20:28	8
20:28	16
20:28	11
20:29	6
20:29	2
20:29	4
20:29	3
20:29	3
20:30	6
20:30	8
20:30	17
20:30	9
20:30	10
20:31	7
20:31	8
20:31	7
20:31	7
20:31	8
20:32	9
20:32	9
20:32	10
20:32	12
20:32	8
20:33	8
20:33	10
20:33	8
20:33	8
20:33	8
20:33	9
20:34	14
20:34	9
20:34	8
20:34	7
20:34	10
20:35	8
20:35	9
20:35	8
20:35	9
20:35	7
20:36	9
20:36	8
20:36	5
20:36	8
20:36	9
20:37	9
20:37	8
20:37	9
20:37	8
20:37	8
20:38	8
20:38	9
20:38	11
20:38	9
20:38	9
20:39	9
20:39	7
20:39	8
20:39	9
20:39	7
20:40	8
20:40	8
20:40	13
20:40	8
20:40	10
20:41	9
20:41	9
20:41	8
20:41	8
20:41	8
20:41	9
20:42	8
20:42	7
20:42	13
20:42	8
20:42	7
20:43	9
20:43	8
20:43	7
20:43	8
20:43	8
20:44	9
20:44	9
20:44	9
20:44	8
20:44	8
20:45	8
20:45	8
20:45	9
20:45	9
20:45	8
20:46	8
20:46	6
20:46	8
20:46	8
20:46	8
20:47	8
20:47	7
20:47	14
20:47	8
20:47	8
20:48	9
20:48	6
20:48	8
20:48	8
20:48	7
20:49	9
20:49	9
20:49	9
20:49	9
20:49	8
20:49	8
20:50	9
20:50	9
20:50	8
20:50	8
20:50	8
20:51	9
20:51	8
20:51	8
20:51	9
20:51	8
20:52	9
20:52	10
20:52	15
20:52	9
20:52	9
20:53	8
20:53	8
20:53	8
20:53	9
20:53	8
20:54	9
20:54	8
20:54	8
20:54	7
20:54	8
20:55	8
20:55	11
20:55	8
20:55	8
20:55	9
20:56	11
20:56	7
20:56	8
20:56	8
20:56	8
20:57	8
20:57	10
20:57	8
20:57	7
20:57	9
20:58	8
20:58	8
20:58	9
20:58	8
20:58	7
20:58	8
20:59	9
20:59	8
20:59	0
20:59	8
20:59	10
21:00	8
21:00	9
21:00	8
21:00	7
21:00	9
21:01	9
21:01	8
21:01	8
21:01	9
21:01	8
21:02	8
21:02	8
21:02	7
21:02	3
21:02	4
21:03	3
21:03	17
21:03	8
21:03	8
21:03	14
21:04	9
21:04	9
21:04	9
21:04	8
21:04	9
21:05	8
21:05	8
21:05	8
21:05	8
21:05	9
21:06	8
